2022-10-01 18:30:00,19:00:00,full-size,Station 3
2022-10-01 18:20:00,18:50:00,compact,Station 1
2022-10-01 16:50:00,17:20:00,medium,Station 2
2022-10-01 08:56:00,9:26:00,full-size,Station 3
2022-10-01 12:10:00,12:40:00,medium,Station 2
2022-10-01 15:35:00,16:05:00,medium,Station 2
2022-10-01 18:22:00,18:52:00,full-size,Station 6
2022-10-01 10:42:00,11:12:00,medium,Station 2
2022-10-01 18:30:00,19:00:00,compact,Station 7
2022-10-01 07:59:00,9:59:00,class 2 truck,Station 5
2022-10-01 14:01:00,15:01:00,class 1 truck,Station 4
2022-10-01 07:45:00,8:15:00,medium,Station 2
2022-10-01 16:40:00,17:10:00,full-size,Station 3
2022-10-01 18:30:00,19:00:00,full-size,Station 8
2022-10-01 15:39:00,16:39:00,class 1 truck,Station 4
2022-10-01 12:21:00,13:21:00,class 1 truck,Station 4
2022-10-01 07:16:00,7:46:00,compact,Station 1
2022-10-01 13:37:00,14:07:00,full-size,Station 3
2022-10-01 16:19:00,17:19:00,class 1 truck,Station 6
2022-10-01 10:09:00,11:09:00,class 1 truck,Station 4
2022-10-01 08:53:00,10:53:00,class 2 truck,Station 6
2022-10-01 12:46:00,13:16:00,compact,Station 1
2022-10-01 09:30:00,11:30:00,class 2 truck,Station 7
2022-10-01 18:04:00,18:34:00,full-size,Station 9
2022-10-01 15:57:00,16:27:00,compact,Station 1
2022-10-01 15:49:00,16:19:00,medium,Station 6
2022-10-01 16:13:00,17:13:00,class 1 truck,Station 7
2022-10-01 15:21:00,15:51:00,medium,Station 7
2022-10-01 14:55:00,16:55:00,class 2 truck,Station 5
2022-10-01 16:11:00,17:11:00,class 1 truck,Station 8
2022-10-01 18:30:00,19:00:00,compact,Station 10
2022-10-01 09:07:00,9:37:00,medium,Station 2
2022-10-01 10:08:00,10:38:00,medium,Station 2
2022-10-01 16:02:00,18:02:00,class 2 truck,Station 9
2022-10-01 15:59:00,16:59:00,class 1 truck,Station 10
2022-10-01 14:07:00,15:07:00,class 1 truck,Station 6
2022-10-01 11:14:00,11:44:00,compact,Station 1
2022-10-01 07:00:00,7:30:00,full-size,Station 3
2022-10-01 07:05:00,7:35:00,medium,Station 2
2022-10-01 07:12:00,7:42:00,compact,Station 6
2022-10-01 07:19:00,7:49:00,full-size,Station 7
2022-10-01 07:22:00,7:52:00,medium,Station 8
2022-10-01 07:22:00,7:52:00,full-size,Station 9
2022-10-01 07:28:00,7:58:00,medium,Station 10
2022-10-01 07:34:00,8:04:00,full-size,Station 3
2022-10-01 07:35:00,8:35:00,class 1 truck,Station 4
2022-10-01 07:48:00,8:18:00,medium,Station 6
2022-10-01 07:49:00,8:49:00,class 1 truck,Station 7
2022-10-01 08:44:00,9:14:00,medium,Station 8
2022-10-01 10:48:00,12:48:00,class 2 truck,Station 5
2022-10-01 12:09:00,12:39:00,compact,Station 1
2022-10-01 13:03:00,15:03:00,class 2 truck,Station 7
2022-10-01 13:12:00,13:42:00,full-size,Station 6
2022-10-01 13:39:00,14:39:00,class 1 truck,Station 8
2022-10-01 14:33:00,15:03:00,compact,Station 1
2022-10-01 14:34:00,15:04:00,medium,Station 2
2022-10-01 14:39:00,15:39:00,class 1 truck,Station 8
2022-10-01 15:40:00,16:10:00,compact,Station 8
2022-10-01 18:19:00,18:49:00,medium,Station 2
2022-10-02 13:04:00,13:34:00,full-size,Station 3
2022-10-02 07:01:00,7:31:00,medium,Station 2
2022-10-02 14:12:00,16:12:00,class 2 truck,Station 5
2022-10-02 12:54:00,14:54:00,class 2 truck,Station 6
2022-10-02 18:15:00,18:45:00,medium,Station 2
2022-10-02 14:16:00,14:46:00,compact,Station 1
2022-10-02 12:52:00,14:52:00,class 2 truck,Station 7
2022-10-02 15:21:00,15:51:00,compact,Station 1
2022-10-02 09:35:00,10:35:00,class 1 truck,Station 4
2022-10-02 07:00:00,7:30:00,full-size,Station 3
2022-10-02 07:11:00,7:41:00,compact,Station 1
2022-10-02 07:30:00,8:00:00,compact,Station 6
2022-10-02 09:52:00,10:22:00,medium,Station 2
2022-10-02 07:51:00,9:51:00,class 2 truck,Station 5
2022-10-02 08:29:00,9:29:00,class 1 truck,Station 4
2022-10-02 11:54:00,13:54:00,class 2 truck,Station 5
2022-10-02 07:24:00,9:24:00,class 2 truck,Station 7
2022-10-02 09:46:00,10:46:00,class 1 truck,Station 6
2022-10-02 07:01:00,7:31:00,full-size,Station 8
2022-10-02 13:15:00,15:15:00,class 2 truck,Station 8
2022-10-02 18:03:00,18:33:00,medium,Station 6
2022-10-02 10:03:00,10:33:00,compact,Station 1
2022-10-02 10:31:00,11:01:00,full-size,Station 3
2022-10-02 17:38:00,18:08:00,full-size,Station 3
2022-10-02 10:09:00,10:39:00,compact,Station 7
2022-10-02 07:32:00,8:32:00,class 1 truck,Station 8
2022-10-02 16:59:00,17:29:00,full-size,Station 3
2022-10-02 08:46:00,10:46:00,class 2 truck,Station 8
2022-10-02 17:00:00,17:30:00,medium,Station 2
2022-10-02 07:02:00,7:32:00,compact,Station 9
2022-10-02 07:36:00,8:36:00,class 1 truck,Station 9
2022-10-02 07:24:00,7:54:00,medium,Station 10
2022-10-02 11:05:00,11:35:00,medium,Station 2
2022-10-02 14:54:00,15:24:00,compact,Station 6
2022-10-02 12:08:00,13:08:00,class 1 truck,Station 4
2022-10-02 18:10:00,18:40:00,medium,Station 7
2022-10-02 07:57:00,8:27:00,medium,Station 2
2022-10-02 11:44:00,12:14:00,medium,Station 2
2022-10-02 18:30:00,19:00:00,compact,Station 1
2022-10-02 18:30:00,19:00:00,medium,Station 8
2022-10-02 07:27:00,8:27:00,class 1 truck,Station 4
2022-10-02 07:49:00,8:19:00,compact,Station 1
2022-10-02 07:57:00,8:27:00,full-size,Station 3
2022-10-02 08:22:00,10:22:00,class 2 truck,Station 10
2022-10-02 08:29:00,8:59:00,full-size,Station 3
2022-10-02 10:13:00,11:13:00,class 1 truck,Station 9
2022-10-02 10:31:00,11:31:00,class 1 truck,Station 10
2022-10-02 10:58:00,12:58:00,class 2 truck,Station 8
2022-10-02 11:16:00,11:46:00,full-size,Station 3
2022-10-02 12:02:00,14:02:00,class 2 truck,Station 9
2022-10-02 12:14:00,14:14:00,class 2 truck,Station 10
2022-10-02 12:58:00,13:28:00,compact,Station 1
2022-10-02 13:27:00,13:57:00,medium,Station 2
2022-10-02 13:33:00,14:33:00,class 1 truck,Station 4
2022-10-02 14:34:00,15:04:00,full-size,Station 3
2022-10-02 15:08:00,17:08:00,class 2 truck,Station 7
2022-10-02 15:30:00,16:00:00,compact,Station 6
2022-10-02 16:02:00,18:02:00,class 2 truck,Station 6
2022-10-02 17:29:00,17:59:00,compact,Station 1
2022-10-02 18:09:00,18:39:00,compact,Station 9
2022-10-02 18:30:00,19:00:00,full-size,Station 3
2022-10-02 18:30:00,19:00:00,medium,Station 10
2022-10-03 16:39:00,17:09:00,full-size,Station 3
2022-10-03 07:34:00,8:04:00,full-size,Station 3
2022-10-03 07:55:00,8:25:00,compact,Station 1
2022-10-03 13:51:00,14:51:00,class 1 truck,Station 4
2022-10-03 10:37:00,11:07:00,full-size,Station 3
2022-10-03 12:37:00,13:07:00,compact,Station 1
2022-10-03 08:21:00,8:51:00,medium,Station 2
2022-10-03 15:55:00,16:25:00,full-size,Station 3
2022-10-03 09:18:00,10:18:00,class 1 truck,Station 4
2022-10-03 09:49:00,10:19:00,medium,Station 2
2022-10-03 08:02:00,8:32:00,full-size,Station 6
2022-10-03 07:59:00,8:59:00,class 1 truck,Station 4
2022-10-03 07:22:00,7:52:00,compact,Station 1
2022-10-03 14:54:00,15:24:00,compact,Station 1
2022-10-03 17:52:00,18:22:00,medium,Station 2
2022-10-03 07:13:00,9:13:00,class 2 truck,Station 5
2022-10-03 10:45:00,11:15:00,full-size,Station 6
2022-10-03 14:44:00,16:44:00,class 2 truck,Station 5
2022-10-03 18:12:00,18:42:00,medium,Station 6
2022-10-03 10:27:00,11:27:00,class 1 truck,Station 4
2022-10-03 17:26:00,17:56:00,compact,Station 1
2022-10-03 07:29:00,7:59:00,full-size,Station 6
2022-10-03 18:18:00,18:48:00,medium,Station 7
2022-10-03 07:41:00,9:41:00,class 2 truck,Station 7
2022-10-03 18:30:00,19:00:00,medium,Station 2
2022-10-03 09:19:00,9:49:00,full-size,Station 3
2022-10-03 15:51:00,16:51:00,class 1 truck,Station 4
2022-10-03 07:55:00,8:25:00,full-size,Station 8
2022-10-03 07:35:00,8:35:00,class 1 truck,Station 9
2022-10-03 11:18:00,12:18:00,class 1 truck,Station 6
2022-10-03 07:58:00,8:28:00,medium,Station 10
2022-10-03 18:30:00,19:00:00,full-size,Station 3
2022-10-03 18:12:00,18:42:00,full-size,Station 8
2022-10-03 13:47:00,15:47:00,class 2 truck,Station 6
2022-10-03 16:03:00,17:03:00,class 1 truck,Station 6
2022-10-03 14:39:00,15:09:00,compact,Station 7
2022-10-03 18:30:00,19:00:00,medium,Station 9
2022-10-03 07:31:00,8:01:00,medium,Station 2
2022-10-03 14:07:00,14:37:00,compact,Station 1
2022-10-03 13:16:00,13:46:00,full-size,Station 3
2022-10-03 15:11:00,16:11:00,class 1 truck,Station 7
2022-10-03 15:28:00,15:58:00,compact,Station 1
2022-10-03 10:26:00,10:56:00,full-size,Station 7
2022-10-03 11:33:00,13:33:00,class 2 truck,Station 5
2022-10-03 09:41:00,10:41:00,class 1 truck,Station 6
2022-10-03 07:08:00,7:38:00,medium,Station 7
2022-10-03 07:16:00,7:46:00,medium,Station 8
2022-10-03 07:17:00,7:47:00,compact,Station 10
2022-10-03 18:27:00,18:57:00,compact,Station 1
2022-10-03 08:36:00,9:06:00,medium,Station 6
2022-10-03 09:29:00,9:59:00,compact,Station 1
2022-10-03 11:23:00,12:23:00,class 1 truck,Station 7
2022-10-03 12:47:00,13:17:00,full-size,Station 6
2022-10-03 14:38:00,16:38:00,class 2 truck,Station 8
2022-10-03 14:43:00,15:13:00,full-size,Station 3
2022-10-03 15:17:00,15:47:00,medium,Station 2
2022-10-03 15:42:00,17:42:00,class 2 truck,Station 9
2022-10-03 15:48:00,17:48:00,class 2 truck,Station 10
2022-10-03 15:48:00,16:18:00,medium,Station 2
2022-10-03 16:21:00,16:51:00,full-size,Station 7
2022-10-03 16:38:00,17:08:00,full-size,Station 8
2022-10-03 17:01:00,17:31:00,full-size,Station 7
2022-10-03 18:14:00,18:44:00,medium,Station 10
2022-10-04 07:53:00,9:53:00,class 2 truck,Station 5
2022-10-04 14:48:00,15:18:00,full-size,Station 3
2022-10-04 07:40:00,8:10:00,full-size,Station 3
2022-10-04 07:04:00,7:34:00,full-size,Station 3
2022-10-04 18:20:00,18:50:00,compact,Station 1
2022-10-04 07:28:00,7:58:00,full-size,Station 6
2022-10-04 16:49:00,17:19:00,compact,Station 1
2022-10-04 07:26:00,9:26:00,class 2 truck,Station 7
2022-10-04 18:30:00,19:00:00,full-size,Station 3
2022-10-04 12:30:00,13:30:00,class 1 truck,Station 4
2022-10-04 07:58:00,8:58:00,class 1 truck,Station 4
2022-10-04 11:55:00,12:55:00,class 1 truck,Station 6
2022-10-04 07:45:00,8:15:00,full-size,Station 8
2022-10-04 07:53:00,8:53:00,class 1 truck,Station 9
2022-10-04 15:21:00,15:51:00,medium,Station 2
2022-10-04 08:14:00,8:44:00,full-size,Station 3
2022-10-04 07:33:00,8:03:00,full-size,Station 10
2022-10-04 07:17:00,7:47:00,compact,Station 1
2022-10-04 07:20:00,7:50:00,medium,Station 2
2022-10-04 12:33:00,13:33:00,class 1 truck,Station 7
2022-10-04 11:03:00,13:03:00,class 2 truck,Station 5
2022-10-04 18:06:00,18:36:00,full-size,Station 6
2022-10-04 09:54:00,10:24:00,full-size,Station 3
2022-10-04 08:56:00,9:26:00,compact,Station 1
2022-10-04 18:11:00,18:41:00,full-size,Station 7
2022-10-04 18:30:00,19:00:00,full-size,Station 8
2022-10-04 08:41:00,9:11:00,medium,Station 2
2022-10-04 08:02:00,8:32:00,compact,Station 1
2022-10-04 18:06:00,18:36:00,compact,Station 9
2022-10-04 08:09:00,10:09:00,class 2 truck,Station 6
2022-10-04 18:15:00,18:45:00,full-size,Station 10
2022-10-04 10:45:00,12:45:00,class 2 truck,Station 8
2022-10-04 16:57:00,17:57:00,class 1 truck,Station 4
2022-10-04 13:56:00,14:26:00,medium,Station 2
2022-10-04 07:03:00,7:33:00,medium,Station 8
2022-10-04 07:09:00,7:39:00,full-size,Station 9
2022-10-04 18:26:00,18:56:00,medium,Station 2
2022-10-04 07:01:00,7:31:00,compact,Station 10
2022-10-04 07:59:00,8:29:00,medium,Station 2
2022-10-04 08:31:00,9:01:00,medium,Station 8
2022-10-04 09:07:00,10:07:00,class 1 truck,Station 4
2022-10-04 09:27:00,9:57:00,medium,Station 2
2022-10-04 10:00:00,10:30:00,full-size,Station 7
2022-10-04 10:10:00,10:40:00,compact,Station 1
2022-10-04 10:25:00,10:55:00,compact,Station 6
2022-10-04 12:19:00,12:49:00,compact,Station 1
2022-10-04 13:15:00,15:15:00,class 2 truck,Station 5
2022-10-04 14:18:00,14:48:00,full-size,Station 3
2022-10-04 14:43:00,15:43:00,class 1 truck,Station 4
2022-10-04 14:55:00,15:55:00,class 1 truck,Station 6
2022-10-04 16:35:00,17:05:00,compact,Station 6
2022-10-04 17:13:00,18:13:00,class 1 truck,Station 8
2022-10-04 17:45:00,18:15:00,compact,Station 1
2022-10-05 07:25:00,8:25:00,class 1 truck,Station 4
2022-10-05 18:30:00,19:00:00,medium,Station 2
2022-10-05 07:40:00,8:40:00,class 1 truck,Station 6
2022-10-05 07:51:00,8:21:00,medium,Station 2
2022-10-05 12:32:00,13:32:00,class 1 truck,Station 4
2022-10-05 14:02:00,15:02:00,class 1 truck,Station 4
2022-10-05 09:46:00,11:46:00,class 2 truck,Station 5
2022-10-05 07:59:00,8:29:00,compact,Station 1
2022-10-05 07:19:00,7:49:00,medium,Station 2
2022-10-05 14:52:00,15:52:00,class 1 truck,Station 6
2022-10-05 10:36:00,11:06:00,medium,Station 2
2022-10-05 18:30:00,19:00:00,medium,Station 6
2022-10-05 18:17:00,18:47:00,full-size,Station 3
2022-10-05 18:30:00,19:00:00,compact,Station 1
2022-10-05 12:55:00,13:25:00,compact,Station 1
2022-10-05 07:29:00,8:29:00,class 1 truck,Station 7
2022-10-05 15:01:00,16:01:00,class 1 truck,Station 7
2022-10-05 18:12:00,18:42:00,full-size,Station 7
2022-10-05 15:16:00,15:46:00,medium,Station 2
2022-10-05 11:40:00,12:10:00,compact,Station 1
2022-10-05 15:31:00,16:01:00,full-size,Station 3
2022-10-05 07:38:00,9:38:00,class 2 truck,Station 5
2022-10-05 13:59:00,14:29:00,compact,Station 1
2022-10-05 17:35:00,18:35:00,class 1 truck,Station 4
2022-10-05 09:05:00,9:35:00,full-size,Station 3
2022-10-05 16:46:00,17:16:00,compact,Station 1
2022-10-05 08:26:00,10:26:00,class 2 truck,Station 8
2022-10-05 08:23:00,8:53:00,full-size,Station 3
2022-10-05 17:01:00,17:31:00,medium,Station 2
2022-10-05 12:50:00,13:20:00,medium,Station 2
2022-10-05 08:48:00,9:18:00,compact,Station 1
2022-10-05 08:53:00,10:53:00,class 2 truck,Station 6
2022-10-05 18:30:00,19:00:00,full-size,Station 8
2022-10-05 07:29:00,8:29:00,class 1 truck,Station 9
2022-10-05 08:10:00,10:10:00,class 2 truck,Station 10
2022-10-05 18:01:00,18:31:00,compact,Station 9
2022-10-05 07:37:00,8:07:00,compact,Station 8
2022-10-05 15:08:00,15:38:00,medium,Station 8
2022-10-05 18:15:00,18:45:00,compact,Station 10
2022-10-05 07:35:00,8:05:00,full-size,Station 3
2022-10-05 17:02:00,17:32:00,compact,Station 6
2022-10-05 15:41:00,16:11:00,compact,Station 1
2022-10-05 16:15:00,18:15:00,class 2 truck,Station 5
2022-10-05 07:39:00,8:09:00,full-size,Station 10
2022-10-05 11:34:00,12:34:00,class 1 truck,Station 6
2022-10-05 12:56:00,13:26:00,medium,Station 6
2022-10-05 08:59:00,10:59:00,class 2 truck,Station 7
2022-10-05 10:46:00,11:16:00,full-size,Station 3
2022-10-05 13:30:00,14:00:00,compact,Station 6
2022-10-05 17:16:00,17:46:00,compact,Station 1
2022-10-05 14:22:00,14:52:00,full-size,Station 3
2022-10-05 13:48:00,15:48:00,class 2 truck,Station 5
2022-10-05 07:02:00,7:32:00,full-size,Station 3
2022-10-05 07:10:00,7:40:00,medium,Station 6
2022-10-05 07:29:00,7:59:00,compact,Station 1
2022-10-05 10:14:00,10:44:00,full-size,Station 3
2022-10-05 11:08:00,11:38:00,full-size,Station 7
2022-10-05 11:21:00,11:51:00,medium,Station 2
2022-10-05 12:19:00,12:49:00,full-size,Station 3
2022-10-05 13:17:00,14:17:00,class 1 truck,Station 7
2022-10-05 13:26:00,14:26:00,class 1 truck,Station 8
2022-10-05 13:28:00,13:58:00,compact,Station 1
2022-10-05 13:32:00,15:32:00,class 2 truck,Station 9
2022-10-05 13:32:00,14:32:00,class 1 truck,Station 10
2022-10-05 15:17:00,15:47:00,full-size,Station 10
2022-10-05 15:52:00,16:52:00,class 1 truck,Station 4
2022-10-05 16:01:00,17:01:00,class 1 truck,Station 6
2022-10-05 16:41:00,17:11:00,full-size,Station 3
2022-10-05 16:56:00,17:56:00,class 1 truck,Station 7
2022-10-06 08:49:00,9:19:00,full-size,Station 3
2022-10-06 08:21:00,9:21:00,class 1 truck,Station 4
2022-10-06 07:37:00,8:07:00,medium,Station 2
2022-10-06 18:08:00,18:38:00,compact,Station 1
2022-10-06 09:30:00,10:30:00,class 1 truck,Station 4
2022-10-06 18:14:00,18:44:00,full-size,Station 3
2022-10-06 11:18:00,11:48:00,full-size,Station 3
2022-10-06 07:13:00,8:13:00,class 1 truck,Station 4
2022-10-06 07:15:00,8:15:00,class 1 truck,Station 6
2022-10-06 12:50:00,13:50:00,class 1 truck,Station 4
2022-10-06 16:23:00,16:53:00,compact,Station 1
2022-10-06 08:17:00,8:47:00,compact,Station 1
2022-10-06 11:31:00,13:31:00,class 2 truck,Station 5
2022-10-06 07:20:00,7:50:00,medium,Station 7
2022-10-06 18:26:00,18:56:00,compact,Station 6
2022-10-06 16:41:00,17:41:00,class 1 truck,Station 4
2022-10-06 10:54:00,11:54:00,class 1 truck,Station 4
2022-10-06 07:35:00,8:05:00,medium,Station 8
2022-10-06 07:08:00,9:08:00,class 2 truck,Station 5
2022-10-06 10:08:00,11:08:00,class 1 truck,Station 6
2022-10-06 07:41:00,8:11:00,compact,Station 1
2022-10-06 07:38:00,9:38:00,class 2 truck,Station 9
2022-10-06 07:08:00,7:38:00,compact,Station 1
2022-10-06 16:04:00,16:34:00,compact,Station 6
2022-10-06 07:51:00,8:51:00,class 1 truck,Station 7
2022-10-06 07:56:00,8:26:00,medium,Station 10
2022-10-06 15:45:00,16:15:00,medium,Station 2
2022-10-06 13:02:00,13:32:00,medium,Station 2
2022-10-06 17:47:00,18:47:00,class 1 truck,Station 4
2022-10-06 07:12:00,7:42:00,medium,Station 10
2022-10-06 12:23:00,12:53:00,full-size,Station 3
2022-10-06 18:30:00,19:00:00,compact,Station 7
2022-10-06 12:55:00,13:25:00,medium,Station 6
2022-10-06 18:05:00,18:35:00,full-size,Station 8
2022-10-06 16:20:00,16:50:00,full-size,Station 3
2022-10-06 18:11:00,18:41:00,full-size,Station 9
2022-10-06 18:04:00,18:34:00,full-size,Station 10
2022-10-06 11:11:00,13:11:00,class 2 truck,Station 7
2022-10-06 17:17:00,17:47:00,compact,Station 1
2022-10-06 07:01:00,7:31:00,compact,Station 8
2022-10-06 07:44:00,8:14:00,full-size,Station 3
2022-10-06 08:33:00,9:03:00,compact,Station 6
2022-10-06 08:45:00,9:45:00,class 1 truck,Station 8
2022-10-06 09:39:00,10:39:00,class 1 truck,Station 7
2022-10-06 09:42:00,11:42:00,class 2 truck,Station 9
2022-10-06 10:56:00,11:26:00,medium,Station 2
2022-10-06 11:14:00,13:14:00,class 2 truck,Station 8
2022-10-06 11:49:00,12:19:00,compact,Station 1
2022-10-06 11:55:00,12:25:00,compact,Station 6
2022-10-06 12:11:00,12:41:00,full-size,Station 9
2022-10-06 13:34:00,14:34:00,class 1 truck,Station 6
2022-10-06 13:47:00,14:17:00,full-size,Station 3
2022-10-06 17:26:00,17:56:00,medium,Station 2
2022-10-06 17:30:00,18:00:00,compact,Station 6
2022-10-06 18:18:00,18:48:00,medium,Station 2
2022-10-07 12:09:00,13:09:00,class 1 truck,Station 4
2022-10-07 18:23:00,18:53:00,full-size,Station 3
2022-10-07 07:47:00,8:17:00,full-size,Station 3
2022-10-07 16:57:00,17:27:00,compact,Station 1
2022-10-07 07:34:00,8:04:00,compact,Station 1
2022-10-07 18:22:00,18:52:00,full-size,Station 6
2022-10-07 07:25:00,7:55:00,medium,Station 2
2022-10-07 07:32:00,8:02:00,full-size,Station 6
2022-10-07 17:44:00,18:14:00,compact,Station 1
2022-10-07 16:43:00,18:43:00,class 2 truck,Station 5
2022-10-07 07:31:00,8:01:00,full-size,Station 7
2022-10-07 07:52:00,8:52:00,class 1 truck,Station 4
2022-10-07 16:14:00,18:14:00,class 2 truck,Station 6
2022-10-07 07:43:00,8:13:00,full-size,Station 8
2022-10-07 14:06:00,14:36:00,medium,Station 2
2022-10-07 07:11:00,7:41:00,compact,Station 8
2022-10-07 08:16:00,10:16:00,class 2 truck,Station 5
2022-10-07 12:45:00,14:45:00,class 2 truck,Station 5
2022-10-07 07:23:00,7:53:00,medium,Station 9
2022-10-07 17:55:00,18:25:00,full-size,Station 7
2022-10-07 17:06:00,17:36:00,compact,Station 7
2022-10-07 16:55:00,17:25:00,medium,Station 2
2022-10-07 07:18:00,7:48:00,compact,Station 10
2022-10-07 10:22:00,10:52:00,medium,Station 2
2022-10-07 15:26:00,15:56:00,full-size,Station 3
2022-10-07 13:25:00,15:25:00,class 2 truck,Station 6
2022-10-07 18:15:00,18:45:00,compact,Station 1
2022-10-07 18:30:00,19:00:00,medium,Station 2
2022-10-07 07:56:00,9:56:00,class 2 truck,Station 9
2022-10-07 17:57:00,18:27:00,full-size,Station 8
2022-10-07 15:07:00,15:37:00,compact,Station 1
2022-10-07 18:16:00,18:46:00,medium,Station 9
2022-10-07 17:29:00,18:29:00,class 1 truck,Station 4
2022-10-07 12:06:00,12:36:00,compact,Station 1
2022-10-07 18:30:00,19:00:00,full-size,Station 7
2022-10-07 14:51:00,15:21:00,medium,Station 2
2022-10-07 18:30:00,19:00:00,medium,Station 8
2022-10-07 07:49:00,9:49:00,class 2 truck,Station 10
2022-10-07 12:45:00,13:15:00,compact,Station 1
2022-10-07 09:43:00,11:43:00,class 2 truck,Station 6
2022-10-07 11:48:00,12:18:00,full-size,Station 3
2022-10-07 08:14:00,8:44:00,full-size,Station 6
2022-10-07 16:55:00,17:25:00,compact,Station 8
2022-10-07 18:25:00,18:55:00,compact,Station 10
2022-10-07 09:24:00,9:54:00,compact,Station 1
2022-10-07 08:42:00,9:12:00,medium,Station 2
2022-10-07 08:59:00,9:59:00,class 1 truck,Station 4
2022-10-07 09:38:00,11:38:00,class 2 truck,Station 7
2022-10-07 13:05:00,13:35:00,medium,Station 2
2022-10-07 14:20:00,14:50:00,medium,Station 7
2022-10-07 14:50:00,15:50:00,class 1 truck,Station 4
2022-10-07 14:51:00,15:51:00,class 1 truck,Station 7
2022-10-07 15:12:00,15:42:00,full-size,Station 8
2022-10-07 15:23:00,15:53:00,compact,Station 9
2022-10-07 15:59:00,16:29:00,full-size,Station 3
2022-10-07 17:42:00,18:12:00,compact,Station 9
2022-10-08 16:37:00,17:37:00,class 1 truck,Station 4
2022-10-08 10:27:00,10:57:00,full-size,Station 3
2022-10-08 14:06:00,16:06:00,class 2 truck,Station 5
2022-10-08 15:00:00,16:00:00,class 1 truck,Station 4
2022-10-08 14:49:00,15:19:00,compact,Station 1
2022-10-08 07:03:00,8:03:00,class 1 truck,Station 4
2022-10-08 07:25:00,7:55:00,full-size,Station 3
2022-10-08 18:23:00,18:53:00,medium,Station 2
2022-10-08 09:59:00,10:29:00,full-size,Station 6
2022-10-08 17:49:00,18:49:00,class 1 truck,Station 4
2022-10-08 17:28:00,17:58:00,medium,Station 2
2022-10-08 07:59:00,9:59:00,class 2 truck,Station 5
2022-10-08 12:12:00,13:12:00,class 1 truck,Station 4
2022-10-08 11:36:00,12:06:00,compact,Station 1
2022-10-08 18:30:00,19:00:00,full-size,Station 3
2022-10-08 07:50:00,8:20:00,medium,Station 2
2022-10-08 18:30:00,19:00:00,medium,Station 6
2022-10-08 07:00:00,8:00:00,class 1 truck,Station 6
2022-10-08 07:15:00,9:15:00,class 2 truck,Station 7
2022-10-08 07:34:00,9:34:00,class 2 truck,Station 8
2022-10-08 09:03:00,10:03:00,class 1 truck,Station 4
2022-10-08 07:27:00,7:57:00,medium,Station 9
2022-10-08 12:41:00,13:41:00,class 1 truck,Station 6
2022-10-08 07:34:00,9:34:00,class 2 truck,Station 10
2022-10-08 18:29:00,18:59:00,compact,Station 1
2022-10-08 18:11:00,18:41:00,compact,Station 7
2022-10-08 10:39:00,12:39:00,class 2 truck,Station 5
2022-10-08 11:22:00,12:22:00,class 1 truck,Station 6
2022-10-08 17:04:00,17:34:00,full-size,Station 3
2022-10-08 17:01:00,18:01:00,class 1 truck,Station 6
2022-10-08 18:30:00,19:00:00,medium,Station 8
2022-10-08 07:43:00,8:13:00,compact,Station 1
2022-10-08 18:08:00,18:38:00,full-size,Station 9
2022-10-08 07:08:00,7:38:00,medium,Station 2
2022-10-08 15:29:00,15:59:00,compact,Station 1
2022-10-08 18:01:00,18:31:00,medium,Station 10
2022-10-08 11:10:00,12:10:00,class 1 truck,Station 4
2022-10-08 16:05:00,18:05:00,class 2 truck,Station 7
2022-10-08 16:56:00,17:56:00,class 1 truck,Station 8
2022-10-08 16:48:00,17:18:00,full-size,Station 9
2022-10-08 09:08:00,10:08:00,class 1 truck,Station 9
2022-10-08 11:25:00,11:55:00,compact,Station 7
2022-10-08 10:55:00,12:55:00,class 2 truck,Station 8
2022-10-08 12:04:00,14:04:00,class 2 truck,Station 7
2022-10-08 14:16:00,14:46:00,medium,Station 2
2022-10-08 14:19:00,14:49:00,compact,Station 1
2022-10-08 16:15:00,16:45:00,medium,Station 2
2022-10-08 16:59:00,17:29:00,medium,Station 10
2022-10-08 18:00:00,18:30:00,full-size,Station 3
2022-10-09 18:10:00,18:40:00,medium,Station 2
2022-10-09 07:16:00,7:46:00,compact,Station 1
2022-10-09 07:25:00,8:25:00,class 1 truck,Station 4
2022-10-09 07:17:00,7:47:00,full-size,Station 3
2022-10-09 18:30:00,19:00:00,compact,Station 1
2022-10-09 14:41:00,15:11:00,full-size,Station 3
2022-10-09 07:00:00,7:30:00,compact,Station 6
2022-10-09 18:30:00,19:00:00,full-size,Station 3
2022-10-09 16:08:00,16:38:00,compact,Station 1
2022-10-09 07:59:00,8:29:00,medium,Station 2
2022-10-09 16:34:00,17:04:00,full-size,Station 3
2022-10-09 18:30:00,19:00:00,compact,Station 6
2022-10-09 18:30:00,19:00:00,compact,Station 7
2022-10-09 10:30:00,11:00:00,full-size,Station 3
2022-10-09 07:26:00,7:56:00,full-size,Station 7
2022-10-09 07:59:00,8:29:00,medium,Station 6
2022-10-09 18:20:00,18:50:00,full-size,Station 8
2022-10-09 12:39:00,13:09:00,full-size,Station 3
2022-10-09 14:36:00,15:36:00,class 1 truck,Station 4
2022-10-09 13:28:00,15:28:00,class 2 truck,Station 5
2022-10-09 09:49:00,10:19:00,full-size,Station 3
2022-10-09 07:46:00,9:46:00,class 2 truck,Station 5
2022-10-09 18:29:00,18:59:00,full-size,Station 9
2022-10-09 12:19:00,12:49:00,compact,Station 1
2022-10-09 07:55:00,8:55:00,class 1 truck,Station 8
2022-10-09 07:21:00,7:51:00,compact,Station 8
2022-10-09 18:23:00,18:53:00,compact,Station 10
2022-10-09 16:05:00,18:05:00,class 2 truck,Station 5
2022-10-09 16:34:00,17:04:00,compact,Station 6
2022-10-09 14:12:00,15:12:00,class 1 truck,Station 6
2022-10-09 12:52:00,13:22:00,compact,Station 1
2022-10-09 17:24:00,17:54:00,medium,Station 2
2022-10-09 10:59:00,11:29:00,compact,Station 1
2022-10-09 07:42:00,8:12:00,medium,Station 9
2022-10-09 09:25:00,11:25:00,class 2 truck,Station 6
2022-10-09 14:28:00,14:58:00,full-size,Station 7
2022-10-09 17:57:00,18:57:00,class 1 truck,Station 4
2022-10-09 07:00:00,9:00:00,class 2 truck,Station 10
2022-10-09 07:53:00,8:23:00,full-size,Station 3
2022-10-09 13:35:00,14:35:00,class 1 truck,Station 4
2022-10-09 07:05:00,7:35:00,full-size,Station 9
2022-10-09 14:29:00,15:29:00,class 1 truck,Station 8
2022-10-09 09:40:00,10:10:00,compact,Station 1
2022-10-09 11:03:00,12:03:00,class 1 truck,Station 4
2022-10-09 17:03:00,17:33:00,compact,Station 1
2022-10-09 07:00:00,7:30:00,medium,Station 2
2022-10-09 17:32:00,18:02:00,compact,Station 6
2022-10-09 14:06:00,16:06:00,class 2 truck,Station 9
2022-10-09 07:57:00,9:57:00,class 2 truck,Station 7
2022-10-09 08:33:00,9:03:00,full-size,Station 3
2022-10-09 09:17:00,11:17:00,class 2 truck,Station 8
2022-10-09 09:37:00,11:37:00,class 2 truck,Station 9
2022-10-09 11:00:00,11:30:00,compact,Station 7
2022-10-09 14:04:00,15:04:00,class 1 truck,Station 10
2022-10-09 14:19:00,14:49:00,compact,Station 1
2022-10-09 15:08:00,15:38:00,full-size,Station 7
2022-10-09 15:14:00,17:14:00,class 2 truck,Station 10
2022-10-09 15:41:00,16:11:00,full-size,Station 3
2022-10-09 16:03:00,18:03:00,class 2 truck,Station 7
2022-10-09 16:06:00,16:36:00,medium,Station 2
2022-10-09 16:39:00,17:09:00,medium,Station 2
2022-10-09 18:00:00,18:30:00,full-size,Station 3
2022-10-10 11:55:00,12:25:00,compact,Station 1
2022-10-10 09:12:00,9:42:00,full-size,Station 3
2022-10-10 07:20:00,7:50:00,full-size,Station 3
2022-10-10 07:13:00,7:43:00,compact,Station 1
2022-10-10 07:14:00,7:44:00,full-size,Station 6
2022-10-10 07:30:00,8:00:00,compact,Station 7
2022-10-10 15:31:00,16:01:00,medium,Station 2
2022-10-10 18:30:00,19:00:00,medium,Station 2
2022-10-10 18:17:00,18:47:00,full-size,Station 3
2022-10-10 10:51:00,11:21:00,compact,Station 1
2022-10-10 18:15:00,18:45:00,compact,Station 1
2022-10-10 07:26:00,7:56:00,compact,Station 8
2022-10-10 07:26:00,7:56:00,full-size,Station 9
2022-10-10 07:03:00,7:33:00,full-size,Station 10
2022-10-10 12:36:00,13:06:00,compact,Station 1
2022-10-10 09:07:00,9:37:00,compact,Station 1
2022-10-10 07:07:00,8:07:00,class 1 truck,Station 4
2022-10-10 13:53:00,14:53:00,class 1 truck,Station 4
2022-10-10 07:17:00,7:47:00,medium,Station 2
2022-10-10 07:58:00,8:58:00,class 1 truck,Station 6
2022-10-10 18:29:00,18:59:00,compact,Station 6
2022-10-10 11:19:00,13:19:00,class 2 truck,Station 5
2022-10-10 07:38:00,8:08:00,medium,Station 10
2022-10-10 13:00:00,14:00:00,class 1 truck,Station 6
2022-10-10 13:47:00,15:47:00,class 2 truck,Station 5
2022-10-10 18:25:00,18:55:00,compact,Station 7
2022-10-10 18:11:00,18:41:00,compact,Station 8
2022-10-10 16:54:00,17:54:00,class 1 truck,Station 4
2022-10-10 18:10:00,18:40:00,medium,Station 9
2022-10-10 18:30:00,19:00:00,compact,Station 10
2022-10-10 12:59:00,13:29:00,full-size,Station 3
2022-10-10 08:45:00,9:15:00,medium,Station 2
2022-10-10 07:54:00,8:24:00,medium,Station 2
2022-10-10 09:52:00,10:22:00,full-size,Station 3
2022-10-10 15:29:00,15:59:00,medium,Station 6
2022-10-10 12:33:00,13:03:00,medium,Station 2
2022-10-10 14:38:00,15:08:00,compact,Station 1
2022-10-10 16:03:00,17:03:00,class 1 truck,Station 6
2022-10-10 11:58:00,13:58:00,class 2 truck,Station 7
2022-10-10 07:03:00,9:03:00,class 2 truck,Station 5
2022-10-10 16:11:00,16:41:00,full-size,Station 3
2022-10-10 10:52:00,11:22:00,full-size,Station 3
2022-10-10 14:16:00,14:46:00,compact,Station 6
2022-10-10 09:22:00,10:22:00,class 1 truck,Station 4
2022-10-10 13:55:00,14:25:00,compact,Station 1
2022-10-10 16:46:00,17:16:00,medium,Station 2
2022-10-10 12:15:00,12:45:00,compact,Station 6
2022-10-10 15:26:00,15:56:00,medium,Station 7
2022-10-10 09:09:00,9:39:00,full-size,Station 6
2022-10-10 07:53:00,8:23:00,full-size,Station 3
2022-10-10 09:20:00,10:20:00,class 1 truck,Station 7
2022-10-10 09:42:00,10:12:00,medium,Station 2
2022-10-10 10:46:00,12:46:00,class 2 truck,Station 8
2022-10-10 11:26:00,12:26:00,class 1 truck,Station 4
2022-10-10 13:02:00,13:32:00,medium,Station 8
2022-10-10 13:07:00,13:37:00,compact,Station 1
2022-10-10 14:44:00,16:44:00,class 2 truck,Station 8
2022-10-10 15:41:00,16:11:00,medium,Station 9
2022-10-11 18:30:00,19:00:00,compact,Station 1
2022-10-11 12:42:00,13:42:00,class 1 truck,Station 4
2022-10-11 07:16:00,7:46:00,full-size,Station 3
2022-10-11 16:56:00,17:26:00,full-size,Station 3
2022-10-11 07:53:00,8:23:00,full-size,Station 3
2022-10-11 18:01:00,18:31:00,medium,Station 2
2022-10-11 17:47:00,18:47:00,class 1 truck,Station 4
2022-10-11 10:09:00,10:39:00,compact,Station 1
2022-10-11 07:41:00,8:41:00,class 1 truck,Station 4
2022-10-11 07:44:00,8:14:00,full-size,Station 6
2022-10-11 08:25:00,9:25:00,class 1 truck,Station 6
2022-10-11 16:08:00,17:08:00,class 1 truck,Station 4
2022-10-11 07:54:00,8:24:00,full-size,Station 7
2022-10-11 09:58:00,10:28:00,compact,Station 6
2022-10-11 07:53:00,8:23:00,full-size,Station 8
2022-10-11 07:56:00,9:56:00,class 2 truck,Station 5
2022-10-11 09:24:00,9:54:00,medium,Station 2
2022-10-11 18:08:00,18:38:00,medium,Station 6
2022-10-11 18:12:00,18:42:00,full-size,Station 3
2022-10-11 07:51:00,8:21:00,medium,Station 2
2022-10-11 18:30:00,19:00:00,compact,Station 7
2022-10-11 07:58:00,8:28:00,compact,Station 1
2022-10-11 08:15:00,8:45:00,full-size,Station 9
2022-10-11 17:26:00,17:56:00,medium,Station 2
2022-10-11 14:39:00,15:09:00,medium,Station 2
2022-10-11 08:41:00,9:11:00,full-size,Station 3
2022-10-11 07:07:00,8:07:00,class 1 truck,Station 9
2022-10-11 18:30:00,19:00:00,full-size,Station 8
2022-10-11 07:49:00,8:49:00,class 1 truck,Station 10
2022-10-11 18:30:00,19:00:00,full-size,Station 9
2022-10-11 07:13:00,7:43:00,compact,Station 1
2022-10-11 18:28:00,18:58:00,compact,Station 10
2022-10-11 16:51:00,17:21:00,full-size,Station 6
2022-10-11 10:52:00,11:52:00,class 1 truck,Station 4
2022-10-11 13:55:00,15:55:00,class 2 truck,Station 5
2022-10-11 17:25:00,17:55:00,full-size,Station 6
2022-10-11 07:17:00,7:47:00,medium,Station 2
2022-10-11 13:22:00,14:22:00,class 1 truck,Station 6
2022-10-11 08:28:00,9:28:00,class 1 truck,Station 7
2022-10-11 07:09:00,7:39:00,compact,Station 6
2022-10-11 07:12:00,7:42:00,compact,Station 7
2022-10-11 07:15:00,7:45:00,full-size,Station 8
2022-10-11 09:11:00,9:41:00,medium,Station 8
2022-10-11 09:48:00,10:18:00,full-size,Station 3
2022-10-11 10:31:00,11:01:00,medium,Station 2
2022-10-11 11:02:00,11:32:00,full-size,Station 3
2022-10-11 11:46:00,12:16:00,medium,Station 2
2022-10-11 13:20:00,13:50:00,medium,Station 2
2022-10-11 16:12:00,16:42:00,full-size,Station 3
2022-10-11 15:57:00,17:57:00,class 2 truck,Station 5
2022-10-11 16:46:00,17:16:00,compact,Station 1
2022-10-11 18:00:00,18:30:00,full-size,Station 7
2022-10-12 07:50:00,9:50:00,class 2 truck,Station 5
2022-10-12 07:02:00,7:32:00,medium,Station 2
2022-10-12 07:33:00,8:03:00,medium,Station 2
2022-10-12 17:19:00,17:49:00,compact,Station 1
2022-10-12 07:11:00,9:11:00,class 2 truck,Station 6
2022-10-12 10:50:00,11:50:00,class 1 truck,Station 4
2022-10-12 10:37:00,12:37:00,class 2 truck,Station 5
2022-10-12 09:24:00,9:54:00,compact,Station 1
2022-10-12 15:38:00,16:38:00,class 1 truck,Station 4
2022-10-12 09:27:00,10:27:00,class 1 truck,Station 4
2022-10-12 13:47:00,14:17:00,medium,Station 2
2022-10-12 10:03:00,10:33:00,compact,Station 1
2022-10-12 18:03:00,18:33:00,full-size,Station 3
2022-10-12 18:30:00,19:00:00,compact,Station 1
2022-10-12 07:44:00,8:44:00,class 1 truck,Station 4
2022-10-12 07:49:00,8:19:00,full-size,Station 3
2022-10-12 13:31:00,14:31:00,class 1 truck,Station 4
2022-10-12 14:53:00,15:53:00,class 1 truck,Station 6
2022-10-12 07:44:00,9:44:00,class 2 truck,Station 7
2022-10-12 11:58:00,12:28:00,medium,Station 2
2022-10-12 07:24:00,7:54:00,full-size,Station 8
2022-10-12 07:16:00,7:46:00,full-size,Station 3
2022-10-12 07:00:00,7:30:00,full-size,Station 7
2022-10-12 07:17:00,8:17:00,class 1 truck,Station 9
2022-10-12 13:05:00,15:05:00,class 2 truck,Station 5
2022-10-12 18:30:00,19:00:00,full-size,Station 6
2022-10-12 07:27:00,9:27:00,class 2 truck,Station 10
2022-10-12 11:36:00,12:06:00,medium,Station 6
2022-10-12 16:52:00,17:52:00,class 1 truck,Station 4
2022-10-12 12:39:00,14:39:00,class 2 truck,Station 6
2022-10-12 12:31:00,13:31:00,class 1 truck,Station 4
2022-10-12 07:54:00,8:24:00,medium,Station 8
2022-10-12 07:22:00,7:52:00,compact,Station 1
2022-10-12 11:41:00,13:41:00,class 2 truck,Station 7
2022-10-12 08:03:00,8:33:00,compact,Station 1
2022-10-12 13:31:00,14:01:00,medium,Station 8
2022-10-12 14:45:00,15:15:00,medium,Station 2
2022-10-12 08:17:00,8:47:00,compact,Station 9
2022-10-12 09:15:00,9:45:00,medium,Station 2
2022-10-12 11:25:00,11:55:00,compact,Station 1
2022-10-12 14:34:00,15:04:00,medium,Station 7
2022-10-12 14:49:00,15:19:00,full-size,Station 3
2022-10-12 09:46:00,11:46:00,class 2 truck,Station 8
2022-10-12 15:30:00,17:30:00,class 2 truck,Station 5
2022-10-12 18:06:00,18:36:00,compact,Station 7
2022-10-12 16:29:00,17:29:00,class 1 truck,Station 6
2022-10-12 13:26:00,15:26:00,class 2 truck,Station 9
2022-10-12 10:18:00,10:48:00,full-size,Station 3
2022-10-12 17:32:00,18:02:00,medium,Station 2
2022-10-12 11:04:00,13:04:00,class 2 truck,Station 9
2022-10-12 10:35:00,11:35:00,class 1 truck,Station 6
2022-10-12 11:28:00,12:28:00,class 1 truck,Station 10
2022-10-12 10:08:00,10:38:00,full-size,Station 7
2022-10-12 15:08:00,15:38:00,compact,Station 1
2022-10-12 10:27:00,11:27:00,class 1 truck,Station 10
2022-10-12 18:30:00,19:00:00,compact,Station 8
2022-10-12 16:22:00,16:52:00,medium,Station 2
2022-10-12 18:30:00,19:00:00,medium,Station 2
2022-10-12 09:36:00,10:06:00,full-size,Station 3
2022-10-12 15:21:00,15:51:00,medium,Station 2
2022-10-12 18:30:00,19:00:00,compact,Station 9
2022-10-12 16:47:00,17:17:00,medium,Station 7
2022-10-12 08:59:00,9:29:00,medium,Station 8
2022-10-12 09:07:00,9:37:00,medium,Station 9
2022-10-12 11:12:00,11:42:00,full-size,Station 3
2022-10-12 11:51:00,12:21:00,full-size,Station 3
2022-10-12 12:58:00,13:28:00,compact,Station 1
2022-10-12 13:10:00,15:10:00,class 2 truck,Station 10
2022-10-12 15:03:00,15:33:00,full-size,Station 8
2022-10-12 15:45:00,16:15:00,compact,Station 1
2022-10-12 17:33:00,18:03:00,compact,Station 6
2022-10-12 17:58:00,18:28:00,compact,Station 1
2022-10-12 18:04:00,18:34:00,medium,Station 10
2022-10-13 07:55:00,8:55:00,class 1 truck,Station 4
2022-10-13 07:32:00,8:02:00,medium,Station 2
2022-10-13 08:55:00,9:25:00,medium,Station 2
2022-10-13 07:08:00,7:38:00,full-size,Station 3
2022-10-13 13:05:00,13:35:00,medium,Station 2
2022-10-13 07:25:00,8:25:00,class 1 truck,Station 6
2022-10-13 08:16:00,9:16:00,class 1 truck,Station 7
2022-10-13 09:02:00,10:02:00,class 1 truck,Station 4
2022-10-13 11:34:00,12:04:00,compact,Station 1
2022-10-13 07:07:00,9:07:00,class 2 truck,Station 5
2022-10-13 07:33:00,8:03:00,compact,Station 1
2022-10-13 07:50:00,8:20:00,full-size,Station 3
2022-10-13 07:56:00,8:56:00,class 1 truck,Station 8
2022-10-13 14:18:00,15:18:00,class 1 truck,Station 4
2022-10-13 08:50:00,9:50:00,class 1 truck,Station 6
2022-10-13 18:30:00,19:00:00,compact,Station 1
2022-10-13 18:30:00,19:00:00,full-size,Station 3
2022-10-13 08:24:00,8:54:00,medium,Station 2
2022-10-13 17:13:00,18:13:00,class 1 truck,Station 4
2022-10-13 11:48:00,12:48:00,class 1 truck,Station 4
2022-10-13 07:37:00,8:37:00,class 1 truck,Station 9
2022-10-13 11:11:00,11:41:00,compact,Station 6
2022-10-13 07:18:00,8:18:00,class 1 truck,Station 10
2022-10-13 07:30:00,8:00:00,full-size,Station 7
2022-10-13 10:30:00,11:30:00,class 1 truck,Station 4
2022-10-13 08:34:00,9:04:00,medium,Station 10
2022-10-13 15:53:00,16:23:00,compact,Station 1
2022-10-13 13:12:00,15:12:00,class 2 truck,Station 5
2022-10-13 14:06:00,14:36:00,full-size,Station 3
2022-10-13 12:39:00,13:39:00,class 1 truck,Station 6
2022-10-13 08:40:00,9:10:00,full-size,Station 3
2022-10-13 17:29:00,17:59:00,medium,Station 2
2022-10-13 18:22:00,18:52:00,medium,Station 2
2022-10-13 07:12:00,7:42:00,medium,Station 8
2022-10-13 15:11:00,16:11:00,class 1 truck,Station 6
2022-10-13 15:27:00,15:57:00,compact,Station 7
2022-10-13 15:50:00,16:20:00,full-size,Station 3
2022-10-13 09:55:00,10:25:00,full-size,Station 3
2022-10-13 13:13:00,15:13:00,class 2 truck,Station 7
2022-10-13 17:00:00,17:30:00,compact,Station 1
2022-10-13 16:42:00,17:42:00,class 1 truck,Station 6
2022-10-13 18:23:00,18:53:00,compact,Station 6
2022-10-13 07:07:00,7:37:00,compact,Station 9
2022-10-13 09:33:00,10:03:00,medium,Station 2
2022-10-13 10:20:00,10:50:00,full-size,Station 6
2022-10-13 10:58:00,11:58:00,class 1 truck,Station 7
2022-10-13 11:07:00,11:37:00,full-size,Station 3
2022-10-13 11:48:00,12:18:00,compact,Station 6
2022-10-13 12:33:00,13:03:00,compact,Station 1
2022-10-13 13:38:00,14:08:00,medium,Station 2
2022-10-13 15:03:00,15:33:00,medium,Station 2
2022-10-13 15:14:00,16:14:00,class 1 truck,Station 8
2022-10-13 16:49:00,17:19:00,medium,Station 2
2022-10-13 18:12:00,18:42:00,medium,Station 7
2022-10-13 18:15:00,18:45:00,compact,Station 8
2022-10-13 18:16:00,18:46:00,medium,Station 9
2022-10-13 18:19:00,18:49:00,medium,Station 10
2022-10-14 18:22:00,18:52:00,full-size,Station 3
2022-10-14 07:24:00,7:54:00,compact,Station 1
2022-10-14 07:56:00,8:26:00,compact,Station 1
2022-10-14 07:52:00,8:22:00,compact,Station 6
2022-10-14 07:10:00,8:10:00,class 1 truck,Station 4
2022-10-14 18:23:00,18:53:00,full-size,Station 6
2022-10-14 07:11:00,7:41:00,full-size,Station 3
2022-10-14 07:00:00,8:00:00,class 1 truck,Station 7
2022-10-14 18:30:00,19:00:00,full-size,Station 7
2022-10-14 07:05:00,8:05:00,class 1 truck,Station 8
2022-10-14 07:21:00,7:51:00,full-size,Station 6
2022-10-14 17:55:00,18:25:00,full-size,Station 7
2022-10-14 07:35:00,8:05:00,compact,Station 9
2022-10-14 12:23:00,14:23:00,class 2 truck,Station 5
2022-10-14 09:37:00,10:07:00,full-size,Station 3
2022-10-14 07:05:00,7:35:00,full-size,Station 9
2022-10-14 14:09:00,14:39:00,full-size,Station 3
2022-10-14 17:02:00,17:32:00,compact,Station 1
2022-10-14 07:00:00,7:30:00,full-size,Station 10
2022-10-14 11:08:00,11:38:00,medium,Station 2
2022-10-14 12:46:00,13:46:00,class 1 truck,Station 4
2022-10-14 13:38:00,14:08:00,medium,Station 2
2022-10-14 09:57:00,10:27:00,medium,Station 2
2022-10-14 18:15:00,18:45:00,medium,Station 2
2022-10-14 18:24:00,18:54:00,full-size,Station 8
2022-10-14 07:31:00,8:01:00,full-size,Station 10
2022-10-14 08:47:00,9:17:00,compact,Station 1
2022-10-14 16:08:00,16:38:00,compact,Station 1
2022-10-14 17:37:00,18:07:00,full-size,Station 3
2022-10-14 07:26:00,9:26:00,class 2 truck,Station 5
2022-10-14 18:00:00,19:00:00,class 1 truck,Station 4
2022-10-14 18:30:00,19:00:00,medium,Station 9
2022-10-14 18:14:00,18:44:00,compact,Station 1
2022-10-14 18:04:00,18:34:00,medium,Station 10
2022-10-14 15:51:00,16:51:00,class 1 truck,Station 4
2022-10-14 07:20:00,7:50:00,medium,Station 2
2022-10-14 14:46:00,15:16:00,full-size,Station 3
2022-10-14 10:57:00,11:27:00,full-size,Station 3
2022-10-14 18:00:00,18:30:00,full-size,Station 9
2022-10-14 16:43:00,18:43:00,class 2 truck,Station 5
2022-10-14 08:43:00,9:13:00,compact,Station 6
2022-10-14 13:39:00,14:09:00,medium,Station 6
2022-10-14 10:06:00,10:36:00,compact,Station 1
2022-10-14 08:14:00,8:44:00,full-size,Station 3
2022-10-14 08:38:00,9:08:00,full-size,Station 7
2022-10-14 09:29:00,10:29:00,class 1 truck,Station 4
2022-10-14 09:56:00,10:56:00,class 1 truck,Station 6
2022-10-14 10:04:00,12:04:00,class 2 truck,Station 5
2022-10-14 10:14:00,12:14:00,class 2 truck,Station 7
2022-10-14 10:49:00,12:49:00,class 2 truck,Station 8
2022-10-14 11:23:00,11:53:00,full-size,Station 6
2022-10-14 11:32:00,12:02:00,compact,Station 1
2022-10-14 11:36:00,12:06:00,compact,Station 9
2022-10-14 13:33:00,14:03:00,full-size,Station 3
2022-10-14 13:36:00,14:06:00,compact,Station 1
2022-10-14 13:37:00,14:07:00,compact,Station 7
2022-10-14 13:47:00,14:17:00,compact,Station 8
2022-10-14 14:01:00,14:31:00,compact,Station 9
2022-10-14 15:49:00,16:49:00,class 1 truck,Station 6
2022-10-14 17:02:00,17:32:00,compact,Station 6
2022-10-15 18:01:00,18:31:00,full-size,Station 3
2022-10-15 07:59:00,9:59:00,class 2 truck,Station 5
2022-10-15 07:27:00,7:57:00,medium,Station 2
2022-10-15 18:20:00,18:50:00,medium,Station 2
2022-10-15 12:40:00,13:40:00,class 1 truck,Station 4
2022-10-15 17:02:00,17:32:00,compact,Station 1
2022-10-15 07:11:00,7:41:00,compact,Station 1
2022-10-15 07:27:00,8:27:00,class 1 truck,Station 4
2022-10-15 07:30:00,8:00:00,full-size,Station 3
2022-10-15 07:01:00,9:01:00,class 2 truck,Station 6
2022-10-15 12:50:00,14:50:00,class 2 truck,Station 5
2022-10-15 08:32:00,9:02:00,full-size,Station 3
2022-10-15 13:01:00,14:01:00,class 1 truck,Station 6
2022-10-15 18:30:00,19:00:00,medium,Station 6
2022-10-15 07:16:00,7:46:00,compact,Station 7
2022-10-15 07:57:00,8:27:00,compact,Station 1
2022-10-15 10:02:00,10:32:00,medium,Station 2
2022-10-15 07:01:00,8:01:00,class 1 truck,Station 8
2022-10-15 07:37:00,8:07:00,medium,Station 9
2022-10-15 07:11:00,9:11:00,class 2 truck,Station 10
2022-10-15 07:57:00,8:27:00,full-size,Station 7
2022-10-15 14:01:00,16:01:00,class 2 truck,Station 6
2022-10-15 13:30:00,14:00:00,compact,Station 1
2022-10-15 18:18:00,18:48:00,full-size,Station 7
2022-10-15 17:24:00,18:24:00,class 1 truck,Station 4
2022-10-15 11:50:00,13:50:00,class 2 truck,Station 7
2022-10-15 16:25:00,17:25:00,class 1 truck,Station 6
2022-10-15 16:41:00,17:11:00,compact,Station 7
2022-10-15 18:30:00,19:00:00,compact,Station 1
2022-10-15 18:30:00,19:00:00,medium,Station 8
2022-10-15 16:56:00,17:26:00,full-size,Station 3
2022-10-15 18:30:00,19:00:00,compact,Station 9
2022-10-15 12:15:00,12:45:00,full-size,Station 3
2022-10-15 18:19:00,18:49:00,medium,Station 10
2022-10-15 15:24:00,15:54:00,medium,Station 2
2022-10-15 15:56:00,17:56:00,class 2 truck,Station 5
2022-10-15 09:37:00,11:37:00,class 2 truck,Station 6
2022-10-15 08:20:00,8:50:00,compact,Station 8
2022-10-15 14:56:00,15:26:00,full-size,Station 3
2022-10-15 11:06:00,11:36:00,full-size,Station 3
2022-10-15 08:44:00,9:44:00,class 1 truck,Station 4
2022-10-15 17:08:00,17:38:00,compact,Station 8
2022-10-15 07:03:00,7:33:00,compact,Station 9
2022-10-15 08:48:00,9:18:00,compact,Station 1
2022-10-15 13:23:00,13:53:00,full-size,Station 3
2022-10-15 17:06:00,18:06:00,class 1 truck,Station 9
2022-10-15 10:08:00,11:08:00,class 1 truck,Station 4
2022-10-15 12:13:00,12:43:00,compact,Station 1
2022-10-15 16:49:00,17:19:00,full-size,Station 10
2022-10-15 13:39:00,14:39:00,class 1 truck,Station 8
2022-10-15 09:40:00,11:40:00,class 2 truck,Station 7
2022-10-15 15:41:00,16:11:00,compact,Station 1
2022-10-15 08:14:00,9:14:00,class 1 truck,Station 9
2022-10-15 12:21:00,14:21:00,class 2 truck,Station 9
2022-10-15 09:15:00,9:45:00,full-size,Station 3
2022-10-15 10:27:00,11:27:00,class 1 truck,Station 8
2022-10-15 10:39:00,11:09:00,full-size,Station 9
2022-10-15 11:03:00,13:03:00,class 2 truck,Station 10
2022-10-15 12:02:00,13:02:00,class 1 truck,Station 8
2022-10-15 13:28:00,13:58:00,medium,Station 2
2022-10-15 14:22:00,14:52:00,full-size,Station 3
2022-10-15 14:24:00,14:54:00,compact,Station 1
2022-10-15 16:53:00,17:23:00,medium,Station 2
2022-10-15 18:00:00,18:30:00,compact,Station 1
2022-10-16 15:05:00,15:35:00,full-size,Station 3
2022-10-16 11:28:00,13:28:00,class 2 truck,Station 5
2022-10-16 08:26:00,10:26:00,class 2 truck,Station 5
2022-10-16 07:56:00,8:26:00,medium,Station 2
2022-10-16 14:48:00,15:18:00,medium,Station 2
2022-10-16 07:18:00,8:18:00,class 1 truck,Station 4
2022-10-16 07:41:00,8:11:00,compact,Station 1
2022-10-16 07:09:00,7:39:00,full-size,Station 3
2022-10-16 18:05:00,18:35:00,compact,Station 1
2022-10-16 07:49:00,8:19:00,compact,Station 6
2022-10-16 09:53:00,10:23:00,medium,Station 2
2022-10-16 07:25:00,8:25:00,class 1 truck,Station 7
2022-10-16 12:31:00,13:01:00,compact,Station 1
2022-10-16 07:43:00,9:43:00,class 2 truck,Station 8
2022-10-16 07:47:00,9:47:00,class 2 truck,Station 9
2022-10-16 18:30:00,19:00:00,full-size,Station 3
2022-10-16 15:33:00,17:33:00,class 2 truck,Station 5
2022-10-16 12:17:00,14:17:00,class 2 truck,Station 6
2022-10-16 07:12:00,9:12:00,class 2 truck,Station 10
2022-10-16 18:14:00,18:44:00,compact,Station 6
2022-10-16 14:28:00,14:58:00,full-size,Station 3
2022-10-16 17:46:00,18:16:00,compact,Station 7
2022-10-16 09:40:00,10:10:00,compact,Station 1
2022-10-16 14:13:00,16:13:00,class 2 truck,Station 7
2022-10-16 07:04:00,7:34:00,full-size,Station 6
2022-10-16 07:09:00,7:39:00,medium,Station 2
2022-10-16 18:04:00,18:34:00,medium,Station 2
2022-10-16 11:01:00,11:31:00,medium,Station 2
2022-10-16 15:06:00,16:06:00,class 1 truck,Station 4
2022-10-16 18:24:00,18:54:00,compact,Station 7
2022-10-16 18:30:00,19:00:00,medium,Station 8
2022-10-16 18:16:00,18:46:00,full-size,Station 9
2022-10-16 17:42:00,18:12:00,medium,Station 6
2022-10-16 07:09:00,7:39:00,medium,Station 8
2022-10-16 14:30:00,15:00:00,medium,Station 6
2022-10-16 10:25:00,10:55:00,medium,Station 2
2022-10-16 07:50:00,8:20:00,full-size,Station 3
2022-10-16 07:05:00,7:35:00,medium,Station 9
2022-10-16 18:21:00,18:51:00,compact,Station 10
2022-10-16 07:11:00,7:41:00,compact,Station 1
2022-10-16 13:39:00,14:09:00,medium,Station 2
2022-10-16 12:38:00,13:08:00,compact,Station 7
2022-10-16 10:01:00,10:31:00,medium,Station 6
2022-10-16 15:07:00,17:07:00,class 2 truck,Station 6
2022-10-16 15:14:00,15:44:00,full-size,Station 8
2022-10-16 08:52:00,9:22:00,medium,Station 2
2022-10-16 08:58:00,9:28:00,medium,Station 6
2022-10-16 09:11:00,9:41:00,medium,Station 7
2022-10-16 09:14:00,11:14:00,class 2 truck,Station 10
2022-10-16 09:44:00,10:44:00,class 1 truck,Station 4
2022-10-16 10:34:00,11:04:00,compact,Station 1
2022-10-16 10:52:00,11:22:00,medium,Station 6
2022-10-16 10:57:00,11:27:00,medium,Station 7
2022-10-16 12:01:00,12:31:00,compact,Station 1
2022-10-16 12:49:00,13:19:00,full-size,Station 3
2022-10-16 13:09:00,14:09:00,class 1 truck,Station 4
2022-10-16 13:29:00,13:59:00,medium,Station 7
2022-10-16 14:04:00,15:04:00,class 1 truck,Station 8
2022-10-16 15:07:00,16:07:00,class 1 truck,Station 9
2022-10-16 15:35:00,17:35:00,class 2 truck,Station 10
2022-10-17 07:46:00,8:46:00,class 1 truck,Station 4
2022-10-17 09:28:00,9:58:00,full-size,Station 3
2022-10-17 15:27:00,15:57:00,medium,Station 2
2022-10-17 07:49:00,8:19:00,medium,Station 2
2022-10-17 07:49:00,8:49:00,class 1 truck,Station 6
2022-10-17 08:13:00,9:13:00,class 1 truck,Station 7
2022-10-17 09:20:00,10:20:00,class 1 truck,Station 4
2022-10-17 17:45:00,18:15:00,compact,Station 1
2022-10-17 07:52:00,8:22:00,full-size,Station 3
2022-10-17 12:47:00,13:47:00,class 1 truck,Station 4
2022-10-17 11:05:00,13:05:00,class 2 truck,Station 5
2022-10-17 18:11:00,18:41:00,medium,Station 2
2022-10-17 08:59:00,9:29:00,compact,Station 1
2022-10-17 09:17:00,9:47:00,compact,Station 6
2022-10-17 07:15:00,7:45:00,full-size,Station 3
2022-10-17 07:03:00,9:03:00,class 2 truck,Station 5
2022-10-17 18:27:00,18:57:00,compact,Station 1
2022-10-17 08:31:00,10:31:00,class 2 truck,Station 8
2022-10-17 10:56:00,11:26:00,medium,Station 2
2022-10-17 18:24:00,18:54:00,full-size,Station 3
2022-10-17 13:36:00,14:06:00,full-size,Station 3
2022-10-17 11:38:00,12:38:00,class 1 truck,Station 4
2022-10-17 07:08:00,7:38:00,compact,Station 1
2022-10-17 16:00:00,17:00:00,class 1 truck,Station 4
2022-10-17 07:50:00,8:20:00,compact,Station 1
2022-10-17 07:30:00,8:00:00,medium,Station 7
2022-10-17 18:08:00,18:38:00,full-size,Station 6
2022-10-17 18:20:00,18:50:00,medium,Station 7
2022-10-17 07:25:00,9:25:00,class 2 truck,Station 9
2022-10-17 07:48:00,8:18:00,medium,Station 8
2022-10-17 16:24:00,16:54:00,medium,Station 2
2022-10-17 07:08:00,7:38:00,medium,Station 2
2022-10-17 07:54:00,8:24:00,full-size,Station 10
2022-10-17 18:30:00,19:00:00,full-size,Station 8
2022-10-17 10:20:00,10:50:00,compact,Station 1
2022-10-17 07:16:00,7:46:00,full-size,Station 6
2022-10-17 07:02:00,7:32:00,compact,Station 8
2022-10-17 16:05:00,16:35:00,medium,Station 6
2022-10-17 07:12:00,7:42:00,full-size,Station 10
2022-10-17 12:29:00,12:59:00,full-size,Station 3
2022-10-17 09:32:00,10:32:00,class 1 truck,Station 7
2022-10-17 10:14:00,11:14:00,class 1 truck,Station 6
2022-10-17 10:56:00,11:26:00,full-size,Station 3
2022-10-17 13:25:00,13:55:00,full-size,Station 6
2022-10-17 16:22:00,16:52:00,full-size,Station 3
2022-10-17 18:14:00,18:44:00,compact,Station 9
2022-10-17 13:17:00,13:47:00,full-size,Station 7
2022-10-17 14:05:00,15:05:00,class 1 truck,Station 4
2022-10-17 18:25:00,18:55:00,medium,Station 10
2022-10-17 12:56:00,13:26:00,full-size,Station 8
2022-10-17 09:24:00,9:54:00,medium,Station 2
2022-10-17 10:35:00,11:05:00,compact,Station 7
2022-10-17 14:06:00,16:06:00,class 2 truck,Station 5
2022-10-17 13:51:00,15:51:00,class 2 truck,Station 7
2022-10-17 08:39:00,9:09:00,compact,Station 10
2022-10-17 12:30:00,13:30:00,class 1 truck,Station 9
2022-10-17 14:39:00,15:09:00,compact,Station 1
2022-10-17 15:02:00,15:32:00,full-size,Station 3
2022-10-17 09:16:00,9:46:00,compact,Station 10
2022-10-17 09:36:00,11:36:00,class 2 truck,Station 9
2022-10-17 09:46:00,11:46:00,class 2 truck,Station 10
2022-10-17 12:20:00,12:50:00,medium,Station 2
2022-10-17 12:52:00,14:52:00,class 2 truck,Station 10
2022-10-17 13:40:00,15:40:00,class 2 truck,Station 8
2022-10-17 14:38:00,15:38:00,class 1 truck,Station 6
2022-10-17 15:05:00,15:35:00,full-size,Station 9
2022-10-17 15:09:00,15:39:00,medium,Station 10
2022-10-17 16:02:00,18:02:00,class 2 truck,Station 7
2022-10-17 18:00:00,18:30:00,compact,Station 8
2022-10-18 13:16:00,15:16:00,class 2 truck,Station 5
2022-10-18 18:30:00,19:00:00,compact,Station 1
2022-10-18 07:24:00,7:54:00,compact,Station 1
2022-10-18 18:19:00,18:49:00,compact,Station 6
2022-10-18 15:10:00,16:10:00,class 1 truck,Station 4
2022-10-18 07:47:00,8:17:00,medium,Station 2
2022-10-18 08:38:00,9:38:00,class 1 truck,Station 4
2022-10-18 08:38:00,10:38:00,class 2 truck,Station 5
2022-10-18 16:59:00,17:59:00,class 1 truck,Station 4
2022-10-18 07:37:00,8:07:00,medium,Station 6
2022-10-18 15:29:00,15:59:00,compact,Station 1
2022-10-18 18:30:00,19:00:00,compact,Station 7
2022-10-18 08:55:00,9:25:00,medium,Station 2
2022-10-18 08:50:00,9:50:00,class 1 truck,Station 6
2022-10-18 18:30:00,19:00:00,full-size,Station 3
2022-10-18 18:21:00,18:51:00,full-size,Station 8
2022-10-18 07:29:00,7:59:00,full-size,Station 3
2022-10-18 09:52:00,10:52:00,class 1 truck,Station 4
2022-10-18 14:21:00,16:21:00,class 2 truck,Station 6
2022-10-18 16:02:00,18:02:00,class 2 truck,Station 5
2022-10-18 14:58:00,15:58:00,class 1 truck,Station 7
2022-10-18 07:36:00,8:06:00,compact,Station 7
2022-10-18 15:16:00,15:46:00,medium,Station 2
2022-10-18 18:00:00,18:30:00,medium,Station 2
2022-10-18 07:52:00,8:22:00,medium,Station 8
2022-10-18 18:30:00,19:00:00,compact,Station 9
2022-10-18 15:33:00,17:33:00,class 2 truck,Station 8
2022-10-18 12:56:00,14:56:00,class 2 truck,Station 7
2022-10-18 07:47:00,9:47:00,class 2 truck,Station 9
2022-10-18 07:22:00,7:52:00,full-size,Station 8
2022-10-18 07:01:00,8:01:00,class 1 truck,Station 4
2022-10-18 18:11:00,18:41:00,compact,Station 10
2022-10-18 10:59:00,12:59:00,class 2 truck,Station 5
2022-10-18 07:11:00,7:41:00,full-size,Station 9
2022-10-18 07:01:00,7:31:00,medium,Station 2
2022-10-18 07:00:00,8:00:00,class 1 truck,Station 10
2022-10-18 13:19:00,15:19:00,class 2 truck,Station 8
2022-10-18 07:03:00,7:33:00,compact,Station 6
2022-10-18 09:11:00,9:41:00,medium,Station 7
2022-10-18 11:28:00,13:28:00,class 2 truck,Station 6
2022-10-18 15:47:00,16:17:00,full-size,Station 3
2022-10-18 11:25:00,13:25:00,class 2 truck,Station 9
2022-10-18 18:30:00,19:00:00,medium,Station 2
2022-10-18 15:39:00,16:09:00,medium,Station 9
2022-10-18 09:23:00,10:23:00,class 1 truck,Station 8
2022-10-18 09:17:00,11:17:00,class 2 truck,Station 10
2022-10-18 15:39:00,17:39:00,class 2 truck,Station 10
2022-10-18 10:54:00,11:24:00,medium,Station 2
2022-10-18 16:23:00,16:53:00,full-size,Station 3
2022-10-18 07:01:00,7:31:00,compact,Station 7
2022-10-18 07:56:00,8:26:00,compact,Station 1
2022-10-18 08:00:00,8:30:00,full-size,Station 3
2022-10-18 08:04:00,8:34:00,compact,Station 10
2022-10-18 09:58:00,10:58:00,class 1 truck,Station 6
2022-10-18 10:52:00,11:22:00,full-size,Station 3
2022-10-18 11:42:00,12:12:00,full-size,Station 3
2022-10-18 13:32:00,14:02:00,full-size,Station 3
2022-10-18 14:12:00,14:42:00,compact,Station 1
2022-10-18 14:20:00,14:50:00,full-size,Station 3
2022-10-18 16:04:00,16:34:00,medium,Station 2
2022-10-18 16:11:00,18:11:00,class 2 truck,Station 7
2022-10-18 16:39:00,17:09:00,full-size,Station 6
2022-10-18 16:54:00,17:24:00,full-size,Station 3
2022-10-18 17:08:00,18:08:00,class 1 truck,Station 9
2022-10-18 17:14:00,18:14:00,class 1 truck,Station 6
2022-10-19 13:07:00,15:07:00,class 2 truck,Station 5
2022-10-19 14:03:00,14:33:00,medium,Station 2
2022-10-19 16:12:00,16:42:00,medium,Station 2
2022-10-19 09:09:00,11:09:00,class 2 truck,Station 5
2022-10-19 07:21:00,7:51:00,medium,Station 2
2022-10-19 18:30:00,19:00:00,full-size,Station 3
2022-10-19 07:12:00,7:42:00,medium,Station 6
2022-10-19 18:30:00,19:00:00,compact,Station 1
2022-10-19 13:58:00,14:28:00,medium,Station 6
2022-10-19 11:04:00,13:04:00,class 2 truck,Station 6
2022-10-19 07:04:00,8:04:00,class 1 truck,Station 4
2022-10-19 12:00:00,12:30:00,medium,Station 2
2022-10-19 10:32:00,11:02:00,medium,Station 2
2022-10-19 13:16:00,13:46:00,medium,Station 2
2022-10-19 07:52:00,9:52:00,class 2 truck,Station 6
2022-10-19 07:20:00,9:20:00,class 2 truck,Station 7
2022-10-19 09:06:00,9:36:00,medium,Station 2
2022-10-19 11:36:00,12:06:00,medium,Station 7
2022-10-19 07:58:00,8:28:00,medium,Station 2
2022-10-19 18:30:00,19:00:00,medium,Station 2
2022-10-19 07:02:00,7:32:00,compact,Station 1
2022-10-19 07:50:00,8:50:00,class 1 truck,Station 8
2022-10-19 07:09:00,8:09:00,class 1 truck,Station 9
2022-10-19 18:30:00,19:00:00,medium,Station 6
2022-10-19 07:15:00,7:45:00,medium,Station 8
2022-10-19 11:38:00,12:08:00,full-size,Station 3
2022-10-19 16:48:00,17:18:00,medium,Station 2
2022-10-19 07:48:00,8:18:00,medium,Station 10
2022-10-19 18:30:00,19:00:00,medium,Station 7
2022-10-19 07:47:00,8:17:00,full-size,Station 3
2022-10-19 07:42:00,8:12:00,compact,Station 1
2022-10-19 07:01:00,7:31:00,full-size,Station 3
2022-10-19 18:10:00,18:40:00,compact,Station 8
2022-10-19 15:05:00,16:05:00,class 1 truck,Station 4
2022-10-19 18:08:00,18:38:00,compact,Station 9
2022-10-19 11:22:00,11:52:00,medium,Station 2
2022-10-19 15:14:00,16:14:00,class 1 truck,Station 6
2022-10-19 17:36:00,18:06:00,full-size,Station 3
2022-10-19 18:11:00,18:41:00,full-size,Station 10
2022-10-19 08:19:00,9:19:00,class 1 truck,Station 4
2022-10-19 14:54:00,15:24:00,compact,Station 1
2022-10-19 14:41:00,16:41:00,class 2 truck,Station 7
2022-10-19 10:10:00,10:40:00,medium,Station 6
2022-10-19 11:42:00,12:12:00,compact,Station 1
2022-10-19 08:52:00,9:22:00,compact,Station 1
2022-10-19 08:48:00,9:18:00,full-size,Station 3
2022-10-19 08:22:00,9:22:00,class 1 truck,Station 9
2022-10-19 15:53:00,16:53:00,class 1 truck,Station 8
2022-10-19 07:13:00,7:43:00,medium,Station 10
2022-10-19 12:04:00,12:34:00,full-size,Station 8
2022-10-19 11:48:00,13:48:00,class 2 truck,Station 9
2022-10-19 14:23:00,14:53:00,full-size,Station 3
2022-10-19 09:07:00,9:37:00,compact,Station 8
2022-10-19 10:04:00,10:34:00,compact,Station 1
2022-10-19 10:31:00,12:31:00,class 2 truck,Station 10
2022-10-19 12:23:00,13:23:00,class 1 truck,Station 4
2022-10-19 12:31:00,13:01:00,medium,Station 2
2022-10-19 13:26:00,13:56:00,compact,Station 1
2022-10-19 13:48:00,14:48:00,class 1 truck,Station 4
2022-10-19 14:31:00,15:01:00,compact,Station 6
2022-10-19 14:50:00,15:20:00,full-size,Station 8
2022-10-19 14:56:00,15:56:00,class 1 truck,Station 9
2022-10-19 15:58:00,17:58:00,class 2 truck,Station 5
2022-10-19 16:08:00,17:08:00,class 1 truck,Station 4
2022-10-19 16:11:00,16:41:00,compact,Station 1
2022-10-20 18:30:00,19:00:00,full-size,Station 3
2022-10-20 09:56:00,10:26:00,compact,Station 1
2022-10-20 08:51:00,9:51:00,class 1 truck,Station 4
2022-10-20 14:24:00,14:54:00,medium,Station 2
2022-10-20 07:18:00,7:48:00,full-size,Station 3
2022-10-20 11:03:00,12:03:00,class 1 truck,Station 4
2022-10-20 14:36:00,15:06:00,compact,Station 1
2022-10-20 10:26:00,12:26:00,class 2 truck,Station 5
2022-10-20 16:23:00,16:53:00,medium,Station 2
2022-10-20 13:22:00,13:52:00,medium,Station 2
2022-10-20 07:51:00,8:21:00,compact,Station 1
2022-10-20 11:12:00,12:12:00,class 1 truck,Station 6
2022-10-20 18:30:00,19:00:00,full-size,Station 6
2022-10-20 16:36:00,17:06:00,medium,Station 6
2022-10-20 18:24:00,18:54:00,medium,Station 2
2022-10-20 12:35:00,13:05:00,compact,Station 1
2022-10-20 14:49:00,15:19:00,full-size,Station 3
2022-10-20 07:18:00,9:18:00,class 2 truck,Station 5
2022-10-20 16:57:00,17:27:00,medium,Station 2
2022-10-20 07:58:00,8:28:00,medium,Station 2
2022-10-20 07:43:00,9:43:00,class 2 truck,Station 6
2022-10-20 12:38:00,13:08:00,compact,Station 6
2022-10-20 07:12:00,7:42:00,medium,Station 2
2022-10-20 08:35:00,9:05:00,full-size,Station 3
2022-10-20 07:40:00,8:40:00,class 1 truck,Station 4
2022-10-20 07:21:00,8:21:00,class 1 truck,Station 7
2022-10-20 07:13:00,8:13:00,class 1 truck,Station 8
2022-10-20 07:12:00,7:42:00,full-size,Station 6
2022-10-20 16:17:00,18:17:00,class 2 truck,Station 5
2022-10-20 07:11:00,9:11:00,class 2 truck,Station 9
2022-10-20 07:19:00,9:19:00,class 2 truck,Station 10
2022-10-20 18:30:00,19:00:00,compact,Station 1
2022-10-20 08:23:00,10:23:00,class 2 truck,Station 7
2022-10-20 12:35:00,13:05:00,full-size,Station 3
2022-10-20 09:46:00,10:16:00,medium,Station 2
2022-10-20 14:32:00,15:02:00,full-size,Station 6
2022-10-20 18:30:00,19:00:00,medium,Station 7
2022-10-20 09:37:00,10:07:00,full-size,Station 3
2022-10-20 14:34:00,15:34:00,class 1 truck,Station 4
2022-10-20 18:30:00,19:00:00,medium,Station 8
2022-10-20 14:18:00,15:18:00,class 1 truck,Station 7
2022-10-20 16:30:00,17:00:00,full-size,Station 3
2022-10-20 14:52:00,15:52:00,class 1 truck,Station 8
2022-10-20 15:31:00,16:01:00,full-size,Station 3
2022-10-20 10:33:00,11:03:00,compact,Station 1
2022-10-20 09:13:00,9:43:00,full-size,Station 8
2022-10-20 14:28:00,14:58:00,medium,Station 9
2022-10-20 15:32:00,16:02:00,compact,Station 1
2022-10-20 15:07:00,17:07:00,class 2 truck,Station 9
2022-10-20 10:31:00,11:01:00,compact,Station 6
2022-10-20 14:25:00,14:55:00,full-size,Station 10
2022-10-20 16:02:00,16:32:00,full-size,Station 6
2022-10-20 16:58:00,17:58:00,class 1 truck,Station 4
2022-10-20 17:19:00,17:49:00,full-size,Station 3
2022-10-20 09:04:00,9:34:00,compact,Station 1
2022-10-20 07:16:00,7:46:00,compact,Station 1
2022-10-20 14:12:00,14:42:00,medium,Station 8
2022-10-20 07:48:00,8:18:00,full-size,Station 3
2022-10-20 08:18:00,8:48:00,full-size,Station 8
2022-10-20 10:21:00,10:51:00,medium,Station 2
2022-10-20 10:51:00,12:51:00,class 2 truck,Station 7
2022-10-20 12:08:00,13:08:00,class 1 truck,Station 4
2022-10-20 12:22:00,12:52:00,compact,Station 8
2022-10-20 12:59:00,13:29:00,compact,Station 7
2022-10-20 13:49:00,14:19:00,compact,Station 1
2022-10-20 15:02:00,15:32:00,compact,Station 6
2022-10-20 15:12:00,16:12:00,class 1 truck,Station 10
2022-10-20 15:22:00,15:52:00,medium,Station 2
2022-10-20 17:33:00,18:03:00,compact,Station 1
2022-10-20 18:23:00,18:53:00,compact,Station 9
2022-10-20 18:26:00,18:56:00,medium,Station 10
2022-10-21 14:09:00,14:39:00,compact,Station 1
2022-10-21 07:39:00,8:39:00,class 1 truck,Station 4
2022-10-21 07:14:00,7:44:00,medium,Station 2
2022-10-21 18:09:00,18:39:00,compact,Station 1
2022-10-21 07:48:00,8:18:00,compact,Station 1
2022-10-21 07:23:00,8:23:00,class 1 truck,Station 6
2022-10-21 16:47:00,17:17:00,full-size,Station 3
2022-10-21 09:55:00,10:55:00,class 1 truck,Station 4
2022-10-21 08:44:00,9:14:00,full-size,Station 3
2022-10-21 18:11:00,18:41:00,full-size,Station 3
2022-10-21 11:37:00,12:07:00,medium,Station 2
2022-10-21 11:21:00,11:51:00,medium,Station 6
2022-10-21 07:12:00,7:42:00,full-size,Station 3
2022-10-21 10:55:00,11:25:00,full-size,Station 3
2022-10-21 07:29:00,7:59:00,medium,Station 7
2022-10-21 18:00:00,18:30:00,medium,Station 2
2022-10-21 18:30:00,19:00:00,medium,Station 2
2022-10-21 07:41:00,8:11:00,full-size,Station 8
2022-10-21 18:29:00,18:59:00,compact,Station 6
2022-10-21 13:09:00,14:09:00,class 1 truck,Station 4
2022-10-21 16:49:00,17:49:00,class 1 truck,Station 4
2022-10-21 15:37:00,16:07:00,compact,Station 1
2022-10-21 18:06:00,18:36:00,full-size,Station 7
2022-10-21 18:00:00,18:30:00,medium,Station 8
2022-10-21 07:47:00,8:47:00,class 1 truck,Station 9
2022-10-21 18:21:00,18:51:00,compact,Station 9
2022-10-21 07:31:00,8:01:00,medium,Station 10
2022-10-21 15:41:00,16:11:00,full-size,Station 3
2022-10-21 17:15:00,17:45:00,medium,Station 2
2022-10-21 18:30:00,19:00:00,medium,Station 8
2022-10-21 07:14:00,7:44:00,medium,Station 9
2022-10-21 17:31:00,18:01:00,compact,Station 1
2022-10-21 13:36:00,14:06:00,full-size,Station 3
2022-10-21 18:08:00,18:38:00,full-size,Station 10
2022-10-21 07:53:00,8:23:00,full-size,Station 3
2022-10-21 09:08:00,9:38:00,full-size,Station 6
2022-10-21 16:30:00,17:00:00,compact,Station 1
2022-10-21 10:37:00,12:37:00,class 2 truck,Station 5
2022-10-21 16:58:00,17:28:00,medium,Station 6
2022-10-21 18:00:00,19:00:00,class 1 truck,Station 4
2022-10-21 14:56:00,15:56:00,class 1 truck,Station 4
2022-10-21 07:28:00,9:28:00,class 2 truck,Station 5
2022-10-21 08:17:00,9:17:00,class 1 truck,Station 7
2022-10-21 07:11:00,7:41:00,full-size,Station 8
2022-10-21 10:50:00,12:50:00,class 2 truck,Station 7
2022-10-21 16:35:00,17:35:00,class 1 truck,Station 7
2022-10-21 09:00:00,11:00:00,class 2 truck,Station 8
2022-10-21 13:18:00,14:18:00,class 1 truck,Station 6
2022-10-21 07:03:00,7:33:00,compact,Station 1
2022-10-21 12:51:00,13:21:00,compact,Station 1
2022-10-21 10:29:00,10:59:00,full-size,Station 6
2022-10-21 16:59:00,17:29:00,compact,Station 8
2022-10-21 15:44:00,16:44:00,class 1 truck,Station 6
2022-10-21 07:50:00,8:20:00,medium,Station 2
2022-10-21 09:08:00,9:38:00,compact,Station 1
2022-10-21 14:16:00,14:46:00,compact,Station 7
2022-10-21 13:14:00,13:44:00,medium,Station 2
2022-10-21 16:48:00,18:48:00,class 2 truck,Station 5
2022-10-21 09:21:00,9:51:00,medium,Station 2
2022-10-21 11:08:00,13:08:00,class 2 truck,Station 8
2022-10-21 12:43:00,13:13:00,full-size,Station 3
2022-10-21 13:53:00,14:53:00,class 1 truck,Station 8
2022-10-21 14:30:00,15:00:00,medium,Station 2
2022-10-21 15:39:00,16:09:00,compact,Station 7
2022-10-21 16:08:00,16:38:00,medium,Station 2
2022-10-21 16:22:00,17:22:00,class 1 truck,Station 9
2022-10-21 17:34:00,18:04:00,full-size,Station 3
2022-10-22 16:48:00,18:48:00,class 2 truck,Station 5
2022-10-22 07:13:00,8:13:00,class 1 truck,Station 4
2022-10-22 18:13:00,18:43:00,full-size,Station 3
2022-10-22 18:30:00,19:00:00,compact,Station 1
2022-10-22 08:24:00,8:54:00,medium,Station 2
2022-10-22 07:28:00,8:28:00,class 1 truck,Station 6
2022-10-22 07:25:00,8:25:00,class 1 truck,Station 7
2022-10-22 14:46:00,15:46:00,class 1 truck,Station 4
2022-10-22 07:09:00,7:39:00,medium,Station 2
2022-10-22 18:11:00,18:41:00,medium,Station 2
2022-10-22 07:04:00,7:34:00,full-size,Station 3
2022-10-22 07:44:00,8:14:00,medium,Station 2
2022-10-22 07:17:00,9:17:00,class 2 truck,Station 5
2022-10-22 18:30:00,19:00:00,compact,Station 6
2022-10-22 07:11:00,7:41:00,compact,Station 1
2022-10-22 18:25:00,18:55:00,medium,Station 7
2022-10-22 17:32:00,18:02:00,medium,Station 2
2022-10-22 07:12:00,7:42:00,full-size,Station 8
2022-10-22 17:55:00,18:25:00,compact,Station 1
2022-10-22 12:18:00,14:18:00,class 2 truck,Station 5
2022-10-22 18:11:00,18:41:00,medium,Station 8
2022-10-22 14:46:00,15:46:00,class 1 truck,Station 6
2022-10-22 07:32:00,8:32:00,class 1 truck,Station 9
2022-10-22 10:29:00,11:29:00,class 1 truck,Station 4
2022-10-22 07:25:00,7:55:00,full-size,Station 10
2022-10-22 18:30:00,19:00:00,full-size,Station 9
2022-10-22 07:57:00,8:27:00,medium,Station 8
2022-10-22 16:01:00,16:31:00,medium,Station 2
2022-10-22 07:47:00,8:17:00,full-size,Station 3
2022-10-22 18:30:00,19:00:00,full-size,Station 10
2022-10-22 12:48:00,14:48:00,class 2 truck,Station 7
2022-10-22 09:32:00,10:32:00,class 1 truck,Station 6
2022-10-22 15:20:00,15:50:00,medium,Station 2
2022-10-22 12:23:00,12:53:00,medium,Station 2
2022-10-22 12:05:00,14:05:00,class 2 truck,Station 6
2022-10-22 17:23:00,17:53:00,compact,Station 1
2022-10-22 14:20:00,15:20:00,class 1 truck,Station 8
2022-10-22 09:33:00,10:03:00,full-size,Station 3
2022-10-22 07:01:00,7:31:00,full-size,Station 9
2022-10-22 07:57:00,8:27:00,compact,Station 1
2022-10-22 13:02:00,14:02:00,class 1 truck,Station 4
2022-10-22 17:53:00,18:23:00,full-size,Station 6
2022-10-22 15:55:00,17:55:00,class 2 truck,Station 7
2022-10-22 10:35:00,11:05:00,medium,Station 2
2022-10-22 13:04:00,13:34:00,full-size,Station 3
2022-10-22 08:55:00,9:55:00,class 1 truck,Station 4
2022-10-22 14:08:00,14:38:00,full-size,Station 3
2022-10-22 16:50:00,17:20:00,medium,Station 2
2022-10-22 14:36:00,16:36:00,class 2 truck,Station 5
2022-10-22 16:32:00,17:02:00,full-size,Station 3
2022-10-22 15:28:00,16:28:00,class 1 truck,Station 8
2022-10-22 07:57:00,8:57:00,class 1 truck,Station 10
2022-10-22 09:19:00,11:19:00,class 2 truck,Station 5
2022-10-22 09:46:00,11:46:00,class 2 truck,Station 7
2022-10-22 11:11:00,11:41:00,medium,Station 2
2022-10-22 11:45:00,13:45:00,class 2 truck,Station 8
2022-10-22 12:01:00,13:01:00,class 1 truck,Station 4
2022-10-22 12:20:00,12:50:00,medium,Station 9
2022-10-22 12:43:00,13:43:00,class 1 truck,Station 10
2022-10-22 13:47:00,15:47:00,class 2 truck,Station 9
2022-10-22 14:06:00,14:36:00,medium,Station 2
2022-10-22 14:54:00,15:54:00,class 1 truck,Station 7
2022-10-22 15:07:00,15:37:00,compact,Station 1
2022-10-22 15:10:00,17:10:00,class 2 truck,Station 10
2022-10-22 16:50:00,17:20:00,compact,Station 1
2022-10-22 17:47:00,18:17:00,compact,Station 9
2022-10-23 13:41:00,15:41:00,class 2 truck,Station 5
2022-10-23 08:09:00,8:39:00,compact,Station 1
2022-10-23 11:32:00,13:32:00,class 2 truck,Station 5
2022-10-23 18:27:00,18:57:00,compact,Station 1
2022-10-23 14:28:00,14:58:00,medium,Station 2
2022-10-23 08:59:00,9:59:00,class 1 truck,Station 4
2022-10-23 07:26:00,7:56:00,compact,Station 1
2022-10-23 07:50:00,8:20:00,full-size,Station 3
2022-10-23 10:10:00,10:40:00,medium,Station 2
2022-10-23 09:03:00,9:33:00,full-size,Station 3
2022-10-23 09:33:00,10:03:00,medium,Station 2
2022-10-23 14:58:00,15:28:00,full-size,Station 3
2022-10-23 12:16:00,14:16:00,class 2 truck,Station 6
2022-10-23 07:22:00,7:52:00,full-size,Station 6
2022-10-23 18:10:00,18:40:00,medium,Station 2
2022-10-23 18:30:00,19:00:00,full-size,Station 3
2022-10-23 18:30:00,19:00:00,full-size,Station 6
2022-10-23 07:35:00,8:05:00,medium,Station 2
2022-10-23 07:10:00,8:10:00,class 1 truck,Station 4
2022-10-23 09:36:00,10:06:00,full-size,Station 3
2022-10-23 07:08:00,7:38:00,compact,Station 7
2022-10-23 13:40:00,14:10:00,medium,Station 2
2022-10-23 09:22:00,9:52:00,compact,Station 1
2022-10-23 07:59:00,8:29:00,compact,Station 6
2022-10-23 14:38:00,15:08:00,full-size,Station 6
2022-10-23 18:30:00,19:00:00,medium,Station 7
2022-10-23 07:49:00,8:19:00,medium,Station 7
2022-10-23 18:30:00,19:00:00,medium,Station 8
2022-10-23 07:01:00,7:31:00,medium,Station 2
2022-10-23 07:26:00,8:26:00,class 1 truck,Station 8
2022-10-23 15:06:00,16:06:00,class 1 truck,Station 4
2022-10-23 18:30:00,19:00:00,compact,Station 9
2022-10-23 18:30:00,19:00:00,full-size,Station 10
2022-10-23 07:06:00,7:36:00,compact,Station 9
2022-10-23 08:56:00,9:26:00,compact,Station 6
2022-10-23 12:19:00,14:19:00,class 2 truck,Station 7
2022-10-23 08:05:00,8:35:00,compact,Station 9
2022-10-23 09:00:00,10:00:00,class 1 truck,Station 7
2022-10-23 07:46:00,9:46:00,class 2 truck,Station 5
2022-10-23 07:54:00,8:24:00,medium,Station 10
2022-10-23 10:44:00,11:14:00,full-size,Station 3
2022-10-23 14:31:00,15:01:00,full-size,Station 7
2022-10-23 16:16:00,18:16:00,class 2 truck,Station 5
2022-10-23 08:48:00,10:48:00,class 2 truck,Station 8
2022-10-23 15:36:00,16:06:00,compact,Station 1
2022-10-23 09:22:00,10:22:00,class 1 truck,Station 9
2022-10-23 17:38:00,18:08:00,full-size,Station 3
2022-10-23 15:25:00,15:55:00,full-size,Station 6
2022-10-23 14:26:00,14:56:00,medium,Station 8
2022-10-23 15:35:00,16:35:00,class 1 truck,Station 7
2022-10-23 07:05:00,7:35:00,full-size,Station 3
2022-10-23 17:35:00,18:05:00,full-size,Station 6
2022-10-23 11:54:00,12:24:00,full-size,Station 3
2022-10-23 08:37:00,10:37:00,class 2 truck,Station 10
2022-10-23 15:15:00,15:45:00,medium,Station 2
2022-10-23 07:04:00,7:34:00,full-size,Station 10
2022-10-23 11:19:00,12:19:00,class 1 truck,Station 4
2022-10-23 11:07:00,11:37:00,medium,Station 2
2022-10-23 08:23:00,8:53:00,medium,Station 2
2022-10-23 12:00:00,12:30:00,full-size,Station 8
2022-10-23 16:53:00,17:23:00,compact,Station 1
2022-10-23 17:58:00,18:28:00,compact,Station 7
2022-10-23 16:46:00,17:16:00,full-size,Station 3
2022-10-23 09:30:00,10:00:00,full-size,Station 6
2022-10-23 11:35:00,12:35:00,class 1 truck,Station 9
2022-10-23 13:22:00,14:22:00,class 1 truck,Station 4
2022-10-23 14:25:00,14:55:00,compact,Station 1
2022-10-23 14:26:00,15:26:00,class 1 truck,Station 9
2022-10-23 15:27:00,15:57:00,full-size,Station 8
2022-10-23 15:48:00,16:18:00,full-size,Station 3
2022-10-23 17:35:00,18:05:00,full-size,Station 8
2022-10-24 17:27:00,17:57:00,medium,Station 2
2022-10-24 14:00:00,14:30:00,compact,Station 1
2022-10-24 07:55:00,8:55:00,class 1 truck,Station 4
2022-10-24 10:36:00,11:06:00,compact,Station 1
2022-10-24 14:35:00,15:05:00,medium,Station 2
2022-10-24 07:57:00,8:27:00,full-size,Station 3
2022-10-24 18:30:00,19:00:00,medium,Station 2
2022-10-24 07:58:00,8:58:00,class 1 truck,Station 6
2022-10-24 12:36:00,13:06:00,medium,Station 2
2022-10-24 17:36:00,18:06:00,compact,Station 1
2022-10-24 18:23:00,18:53:00,full-size,Station 3
2022-10-24 18:01:00,18:31:00,medium,Station 6
2022-10-24 07:45:00,8:45:00,class 1 truck,Station 7
2022-10-24 07:15:00,7:45:00,compact,Station 1
2022-10-24 13:33:00,15:33:00,class 2 truck,Station 5
2022-10-24 16:26:00,16:56:00,compact,Station 1
2022-10-24 17:23:00,17:53:00,compact,Station 6
2022-10-24 14:56:00,15:26:00,compact,Station 1
2022-10-24 10:53:00,12:53:00,class 2 truck,Station 5
2022-10-24 17:04:00,17:34:00,compact,Station 1
2022-10-24 07:05:00,9:05:00,class 2 truck,Station 5
2022-10-24 07:49:00,8:19:00,full-size,Station 8
2022-10-24 07:12:00,8:12:00,class 1 truck,Station 9
2022-10-24 10:34:00,12:34:00,class 2 truck,Station 6
2022-10-24 10:14:00,10:44:00,full-size,Station 3
2022-10-24 07:37:00,8:07:00,full-size,Station 10
2022-10-24 07:57:00,8:27:00,compact,Station 1
2022-10-24 18:18:00,18:48:00,compact,Station 1
2022-10-24 13:53:00,14:23:00,full-size,Station 3
2022-10-24 11:42:00,12:12:00,full-size,Station 3
2022-10-24 18:30:00,19:00:00,full-size,Station 7
2022-10-24 08:32:00,9:32:00,class 1 truck,Station 8
2022-10-24 18:30:00,19:00:00,medium,Station 8
2022-10-24 12:03:00,13:03:00,class 1 truck,Station 4
2022-10-24 07:30:00,8:00:00,medium,Station 2
2022-10-24 15:55:00,16:25:00,full-size,Station 3
2022-10-24 17:42:00,18:12:00,medium,Station 7
2022-10-24 07:19:00,7:49:00,full-size,Station 3
2022-10-24 15:34:00,16:04:00,compact,Station 1
2022-10-24 07:10:00,7:40:00,medium,Station 6
2022-10-24 18:30:00,19:00:00,medium,Station 9
2022-10-24 08:22:00,9:22:00,class 1 truck,Station 9
2022-10-24 16:22:00,18:22:00,class 2 truck,Station 5
2022-10-24 18:23:00,18:53:00,full-size,Station 10
2022-10-24 15:28:00,16:28:00,class 1 truck,Station 4
2022-10-24 11:10:00,11:40:00,full-size,Station 3
2022-10-24 16:42:00,17:12:00,full-size,Station 3
2022-10-24 08:12:00,9:12:00,class 1 truck,Station 10
2022-10-24 09:47:00,11:47:00,class 2 truck,Station 7
2022-10-24 13:48:00,14:18:00,medium,Station 2
2022-10-24 07:02:00,7:32:00,medium,Station 7
2022-10-24 17:23:00,18:23:00,class 1 truck,Station 4
2022-10-24 07:03:00,7:33:00,medium,Station 8
2022-10-24 10:45:00,11:15:00,compact,Station 8
2022-10-24 09:19:00,10:19:00,class 1 truck,Station 4
2022-10-24 10:27:00,10:57:00,full-size,Station 9
2022-10-24 10:20:00,10:50:00,medium,Station 2
2022-10-24 16:05:00,16:35:00,full-size,Station 6
2022-10-24 13:39:00,14:09:00,full-size,Station 6
2022-10-24 09:08:00,9:38:00,full-size,Station 3
2022-10-24 10:37:00,11:07:00,full-size,Station 10
2022-10-24 07:07:00,7:37:00,medium,Station 10
2022-10-24 08:23:00,8:53:00,medium,Station 2
2022-10-24 09:50:00,10:20:00,compact,Station 1
2022-10-24 11:06:00,11:36:00,compact,Station 1
2022-10-24 11:26:00,13:26:00,class 2 truck,Station 8
2022-10-24 11:48:00,12:18:00,compact,Station 1
2022-10-24 11:53:00,12:23:00,full-size,Station 7
2022-10-24 12:36:00,13:06:00,full-size,Station 3
2022-10-24 13:02:00,15:02:00,class 2 truck,Station 7
2022-10-24 13:33:00,14:03:00,medium,Station 8
2022-10-24 15:39:00,16:09:00,medium,Station 2
2022-10-24 16:25:00,16:55:00,full-size,Station 7
2022-10-24 16:56:00,17:56:00,class 1 truck,Station 8
2022-10-25 17:36:00,18:06:00,compact,Station 1
2022-10-25 11:37:00,12:07:00,full-size,Station 3
2022-10-25 18:00:00,18:30:00,full-size,Station 3
2022-10-25 08:26:00,8:56:00,medium,Station 2
2022-10-25 17:04:00,17:34:00,medium,Station 2
2022-10-25 12:25:00,14:25:00,class 2 truck,Station 5
2022-10-25 07:29:00,8:29:00,class 1 truck,Station 4
2022-10-25 09:12:00,9:42:00,compact,Station 1
2022-10-25 17:36:00,18:06:00,full-size,Station 6
2022-10-25 18:30:00,19:00:00,medium,Station 2
2022-10-25 17:06:00,18:06:00,class 1 truck,Station 4
2022-10-25 16:50:00,17:20:00,medium,Station 6
2022-10-25 17:22:00,17:52:00,full-size,Station 3
2022-10-25 07:37:00,9:37:00,class 2 truck,Station 5
2022-10-25 07:57:00,9:57:00,class 2 truck,Station 6
2022-10-25 07:31:00,8:01:00,medium,Station 2
2022-10-25 07:25:00,7:55:00,medium,Station 6
2022-10-25 18:27:00,18:57:00,full-size,Station 6
2022-10-25 07:48:00,8:18:00,compact,Station 1
2022-10-25 14:54:00,16:54:00,class 2 truck,Station 5
2022-10-25 15:39:00,16:09:00,compact,Station 1
2022-10-25 15:31:00,16:01:00,medium,Station 2
2022-10-25 11:38:00,12:08:00,full-size,Station 6
2022-10-25 07:39:00,8:39:00,class 1 truck,Station 7
2022-10-25 18:30:00,19:00:00,full-size,Station 3
2022-10-25 07:47:00,8:17:00,compact,Station 8
2022-10-25 16:09:00,18:09:00,class 2 truck,Station 7
2022-10-25 09:58:00,10:28:00,medium,Station 2
2022-10-25 18:17:00,18:47:00,compact,Station 1
2022-10-25 12:07:00,14:07:00,class 2 truck,Station 7
2022-10-25 17:03:00,17:33:00,medium,Station 8
2022-10-25 13:17:00,15:17:00,class 2 truck,Station 6
2022-10-25 15:49:00,16:19:00,full-size,Station 3
2022-10-25 07:53:00,8:23:00,compact,Station 9
2022-10-25 12:40:00,13:10:00,medium,Station 2
2022-10-25 07:02:00,7:32:00,medium,Station 7
2022-10-25 18:29:00,18:59:00,full-size,Station 7
2022-10-25 13:22:00,14:22:00,class 1 truck,Station 4
2022-10-25 07:05:00,8:05:00,class 1 truck,Station 10
2022-10-25 07:51:00,8:21:00,full-size,Station 3
2022-10-25 11:00:00,11:30:00,full-size,Station 3
2022-10-25 07:00:00,7:30:00,full-size,Station 3
2022-10-25 11:20:00,12:20:00,class 1 truck,Station 4
2022-10-25 09:02:00,10:02:00,class 1 truck,Station 4
2022-10-25 07:11:00,7:41:00,medium,Station 8
2022-10-25 08:47:00,10:47:00,class 2 truck,Station 7
2022-10-25 12:59:00,13:29:00,full-size,Station 3
2022-10-25 14:28:00,15:28:00,class 1 truck,Station 4
2022-10-25 14:52:00,15:22:00,medium,Station 2
2022-10-25 18:18:00,18:48:00,medium,Station 8
2022-10-25 18:30:00,19:00:00,medium,Station 9
2022-10-25 18:15:00,18:45:00,medium,Station 10
2022-10-25 09:35:00,10:05:00,compact,Station 8
2022-10-25 13:13:00,13:43:00,medium,Station 2
2022-10-25 07:18:00,7:48:00,full-size,Station 9
2022-10-25 14:52:00,15:22:00,full-size,Station 3
2022-10-25 10:16:00,10:46:00,full-size,Station 3
2022-10-25 07:07:00,7:37:00,compact,Station 1
2022-10-25 13:17:00,13:47:00,medium,Station 8
2022-10-25 11:11:00,12:11:00,class 1 truck,Station 8
2022-10-25 09:28:00,10:28:00,class 1 truck,Station 9
2022-10-25 09:37:00,11:37:00,class 2 truck,Station 5
2022-10-25 11:10:00,11:40:00,medium,Station 2
2022-10-25 14:22:00,14:52:00,compact,Station 1
2022-10-25 15:16:00,15:46:00,medium,Station 7
2022-10-25 15:27:00,15:57:00,full-size,Station 6
2022-10-25 15:33:00,16:03:00,compact,Station 8
2022-10-25 15:36:00,16:36:00,class 1 truck,Station 4
2022-10-25 16:01:00,16:31:00,full-size,Station 6
2022-10-25 17:01:00,17:31:00,full-size,Station 9
2022-10-25 17:26:00,17:56:00,compact,Station 10
2022-10-25 17:40:00,18:10:00,medium,Station 2
2022-10-25 17:49:00,18:19:00,compact,Station 9
2022-10-26 08:37:00,9:07:00,full-size,Station 3
2022-10-26 07:23:00,7:53:00,full-size,Station 3
2022-10-26 07:59:00,9:59:00,class 2 truck,Station 5
2022-10-26 07:27:00,7:57:00,full-size,Station 6
2022-10-26 12:39:00,13:09:00,medium,Station 2
2022-10-26 17:52:00,18:22:00,compact,Station 1
2022-10-26 07:07:00,8:07:00,class 1 truck,Station 4
2022-10-26 18:30:00,19:00:00,full-size,Station 3
2022-10-26 08:56:00,9:26:00,compact,Station 1
2022-10-26 16:57:00,17:27:00,compact,Station 1
2022-10-26 07:00:00,8:00:00,class 1 truck,Station 7
2022-10-26 07:25:00,7:55:00,full-size,Station 8
2022-10-26 11:35:00,12:05:00,medium,Station 2
2022-10-26 07:50:00,8:20:00,full-size,Station 9
2022-10-26 15:00:00,17:00:00,class 2 truck,Station 5
2022-10-26 18:05:00,18:35:00,full-size,Station 6
2022-10-26 07:04:00,7:34:00,compact,Station 1
2022-10-26 13:08:00,15:08:00,class 2 truck,Station 6
2022-10-26 07:05:00,7:35:00,compact,Station 9
2022-10-26 18:30:00,19:00:00,compact,Station 1
2022-10-26 08:47:00,9:47:00,class 1 truck,Station 4
2022-10-26 17:13:00,17:43:00,medium,Station 2
2022-10-26 07:45:00,8:15:00,medium,Station 2
2022-10-26 18:30:00,19:00:00,full-size,Station 7
2022-10-26 10:48:00,11:18:00,compact,Station 1
2022-10-26 11:41:00,12:11:00,full-size,Station 3
2022-10-26 16:10:00,16:40:00,medium,Station 2
2022-10-26 07:11:00,7:41:00,compact,Station 10
2022-10-26 18:30:00,19:00:00,full-size,Station 8
2022-10-26 18:20:00,18:50:00,compact,Station 9
2022-10-26 07:42:00,8:12:00,full-size,Station 10
2022-10-26 10:41:00,11:41:00,class 1 truck,Station 4
2022-10-26 07:10:00,7:40:00,medium,Station 2
2022-10-26 18:14:00,18:44:00,full-size,Station 10
2022-10-26 18:30:00,19:00:00,medium,Station 2
2022-10-26 15:05:00,15:35:00,full-size,Station 3
2022-10-26 07:50:00,8:20:00,compact,Station 1
2022-10-26 10:27:00,10:57:00,medium,Station 2
2022-10-26 10:23:00,11:23:00,class 1 truck,Station 6
2022-10-26 15:24:00,16:24:00,class 1 truck,Station 4
2022-10-26 13:42:00,14:12:00,compact,Station 1
2022-10-26 09:22:00,9:52:00,compact,Station 6
2022-10-26 15:48:00,16:18:00,compact,Station 1
2022-10-26 13:07:00,13:37:00,compact,Station 1
2022-10-26 16:16:00,16:46:00,full-size,Station 3
2022-10-26 12:07:00,13:07:00,class 1 truck,Station 4
2022-10-26 12:20:00,12:50:00,compact,Station 1
2022-10-26 10:32:00,11:02:00,compact,Station 7
2022-10-26 07:57:00,8:27:00,medium,Station 6
2022-10-26 09:24:00,11:24:00,class 2 truck,Station 8
2022-10-26 12:25:00,12:55:00,compact,Station 6
2022-10-26 13:40:00,15:40:00,class 2 truck,Station 7
2022-10-26 09:45:00,10:15:00,full-size,Station 3
2022-10-26 16:51:00,17:21:00,full-size,Station 3
2022-10-26 16:21:00,16:51:00,compact,Station 1
2022-10-26 17:05:00,17:35:00,full-size,Station 6
2022-10-26 17:46:00,18:16:00,compact,Station 7
2022-10-26 12:08:00,12:38:00,compact,Station 7
2022-10-26 07:58:00,8:28:00,full-size,Station 3
2022-10-26 08:03:00,8:33:00,compact,Station 7
2022-10-26 08:32:00,10:32:00,class 2 truck,Station 9
2022-10-26 09:36:00,10:06:00,medium,Station 2
2022-10-26 11:09:00,13:09:00,class 2 truck,Station 5
2022-10-26 11:35:00,12:05:00,compact,Station 1
2022-10-26 12:59:00,13:29:00,compact,Station 7
2022-10-26 13:01:00,14:01:00,class 1 truck,Station 8
2022-10-26 14:44:00,15:14:00,compact,Station 1
2022-10-26 15:30:00,16:00:00,full-size,Station 6
2022-10-26 15:55:00,16:55:00,class 1 truck,Station 7
2022-10-26 16:05:00,16:35:00,medium,Station 6
2022-10-26 16:06:00,16:36:00,medium,Station 8
2022-10-26 16:36:00,17:06:00,compact,Station 8
2022-10-26 17:57:00,18:27:00,compact,Station 8
2022-10-26 18:00:00,19:00:00,class 1 truck,Station 4
2022-10-27 15:10:00,15:40:00,medium,Station 2
2022-10-27 07:20:00,9:20:00,class 2 truck,Station 5
2022-10-27 18:04:00,18:34:00,medium,Station 2
2022-10-27 15:01:00,15:31:00,compact,Station 1
2022-10-27 07:21:00,7:51:00,medium,Station 2
2022-10-27 11:27:00,11:57:00,compact,Station 1
2022-10-27 07:07:00,8:07:00,class 1 truck,Station 4
2022-10-27 07:09:00,8:09:00,class 1 truck,Station 6
2022-10-27 14:49:00,15:19:00,full-size,Station 3
2022-10-27 12:16:00,13:16:00,class 1 truck,Station 4
2022-10-27 07:36:00,8:06:00,full-size,Station 3
2022-10-27 07:40:00,8:10:00,full-size,Station 7
2022-10-27 09:21:00,10:21:00,class 1 truck,Station 4
2022-10-27 13:07:00,13:37:00,medium,Station 2
2022-10-27 13:56:00,14:56:00,class 1 truck,Station 4
2022-10-27 07:07:00,7:37:00,full-size,Station 7
2022-10-27 07:29:00,7:59:00,medium,Station 8
2022-10-27 15:45:00,16:15:00,compact,Station 1
2022-10-27 07:12:00,7:42:00,compact,Station 1
2022-10-27 07:58:00,8:58:00,class 1 truck,Station 9
2022-10-27 08:37:00,9:07:00,compact,Station 1
2022-10-27 08:09:00,8:39:00,full-size,Station 3
2022-10-27 07:28:00,7:58:00,full-size,Station 9
2022-10-27 07:39:00,9:39:00,class 2 truck,Station 10
2022-10-27 18:30:00,19:00:00,compact,Station 1
2022-10-27 16:32:00,17:32:00,class 1 truck,Station 4
2022-10-27 17:34:00,18:04:00,compact,Station 1
2022-10-27 15:02:00,15:32:00,compact,Station 6
2022-10-27 16:17:00,17:17:00,class 1 truck,Station 6
2022-10-27 18:01:00,18:31:00,full-size,Station 3
2022-10-27 07:09:00,7:39:00,compact,Station 10
2022-10-27 15:03:00,15:33:00,full-size,Station 7
2022-10-27 18:26:00,18:56:00,compact,Station 6
2022-10-27 17:18:00,17:48:00,full-size,Station 3
2022-10-27 18:16:00,18:46:00,full-size,Station 7
2022-10-27 18:02:00,18:32:00,compact,Station 8
2022-10-27 18:05:00,18:35:00,full-size,Station 9
2022-10-27 18:30:00,19:00:00,medium,Station 10
2022-10-27 12:57:00,13:57:00,class 1 truck,Station 6
2022-10-27 16:50:00,17:50:00,class 1 truck,Station 7
2022-10-27 12:19:00,12:49:00,medium,Station 2
2022-10-27 15:12:00,15:42:00,full-size,Station 8
2022-10-27 10:28:00,10:58:00,compact,Station 1
2022-10-27 15:28:00,15:58:00,full-size,Station 3
2022-10-27 14:21:00,14:51:00,medium,Station 2
2022-10-27 13:32:00,14:02:00,full-size,Station 3
2022-10-27 16:24:00,17:24:00,class 1 truck,Station 8
2022-10-27 13:54:00,14:24:00,medium,Station 7
2022-10-27 09:09:00,9:39:00,full-size,Station 3
2022-10-27 07:54:00,8:24:00,medium,Station 2
2022-10-27 13:38:00,14:08:00,medium,Station 2
2022-10-27 17:38:00,18:08:00,full-size,Station 6
2022-10-27 08:48:00,9:18:00,full-size,Station 6
2022-10-27 13:25:00,13:55:00,full-size,Station 8
2022-10-27 17:19:00,17:49:00,full-size,Station 9
2022-10-27 11:16:00,11:46:00,medium,Station 2
2022-10-27 16:20:00,16:50:00,full-size,Station 3
2022-10-27 15:06:00,16:06:00,class 1 truck,Station 4
2022-10-27 13:46:00,14:16:00,medium,Station 9
2022-10-27 16:03:00,16:33:00,compact,Station 7
2022-10-27 10:24:00,11:24:00,class 1 truck,Station 4
2022-10-27 14:50:00,15:20:00,medium,Station 9
2022-10-27 07:53:00,8:23:00,compact,Station 1
2022-10-27 08:09:00,10:09:00,class 2 truck,Station 8
2022-10-27 08:25:00,9:25:00,class 1 truck,Station 7
2022-10-27 10:34:00,11:04:00,full-size,Station 3
2022-10-27 10:40:00,12:40:00,class 2 truck,Station 5
2022-10-27 12:29:00,12:59:00,full-size,Station 3
2022-10-27 13:08:00,14:08:00,class 1 truck,Station 10
2022-10-27 13:12:00,15:12:00,class 2 truck,Station 5
2022-10-27 16:30:00,17:00:00,full-size,Station 9
2022-10-28 07:36:00,9:36:00,class 2 truck,Station 5
2022-10-28 18:30:00,19:00:00,compact,Station 1
2022-10-28 17:02:00,18:02:00,class 1 truck,Station 4
2022-10-28 07:51:00,8:21:00,medium,Station 2
2022-10-28 07:03:00,8:03:00,class 1 truck,Station 4
2022-10-28 18:29:00,18:59:00,compact,Station 6
2022-10-28 11:24:00,11:54:00,full-size,Station 3
2022-10-28 14:29:00,14:59:00,full-size,Station 3
2022-10-28 07:04:00,7:34:00,full-size,Station 3
2022-10-28 18:25:00,18:55:00,medium,Station 2
2022-10-28 07:18:00,9:18:00,class 2 truck,Station 6
2022-10-28 07:11:00,7:41:00,compact,Station 1
2022-10-28 07:05:00,8:05:00,class 1 truck,Station 7
2022-10-28 07:42:00,8:12:00,full-size,Station 3
2022-10-28 09:20:00,9:50:00,compact,Station 1
2022-10-28 07:48:00,8:48:00,class 1 truck,Station 8
2022-10-28 07:15:00,7:45:00,medium,Station 2
2022-10-28 07:11:00,7:41:00,medium,Station 8
2022-10-28 14:00:00,15:00:00,class 1 truck,Station 4
2022-10-28 07:21:00,9:21:00,class 2 truck,Station 9
2022-10-28 07:37:00,8:07:00,full-size,Station 10
2022-10-28 08:29:00,8:59:00,compact,Station 1
2022-10-28 15:55:00,16:25:00,full-size,Station 3
2022-10-28 07:53:00,8:23:00,compact,Station 1
2022-10-28 16:23:00,16:53:00,full-size,Station 6
2022-10-28 18:21:00,18:51:00,medium,Station 7
2022-10-28 17:30:00,18:00:00,medium,Station 2
2022-10-28 18:30:00,19:00:00,compact,Station 8
2022-10-28 10:51:00,11:21:00,medium,Station 2
2022-10-28 18:30:00,19:00:00,compact,Station 9
2022-10-28 13:12:00,15:12:00,class 2 truck,Station 5
2022-10-28 17:51:00,18:51:00,class 1 truck,Station 10
2022-10-28 09:13:00,9:43:00,medium,Station 2
2022-10-28 12:54:00,13:24:00,medium,Station 2
2022-10-28 18:30:00,19:00:00,full-size,Station 3
2022-10-28 15:44:00,17:44:00,class 2 truck,Station 5
2022-10-28 16:26:00,16:56:00,full-size,Station 3
2022-10-28 08:19:00,8:49:00,medium,Station 7
2022-10-28 09:16:00,11:16:00,class 2 truck,Station 7
2022-10-28 10:06:00,10:36:00,medium,Station 2
2022-10-28 12:32:00,13:02:00,medium,Station 6
2022-10-28 11:08:00,12:08:00,class 1 truck,Station 4
2022-10-28 08:36:00,10:36:00,class 2 truck,Station 10
2022-10-28 16:38:00,17:38:00,class 1 truck,Station 7
2022-10-28 07:07:00,7:37:00,medium,Station 10
2022-10-28 14:05:00,15:05:00,class 1 truck,Station 6
2022-10-28 10:30:00,11:00:00,compact,Station 1
2022-10-28 16:12:00,17:12:00,class 1 truck,Station 8
2022-10-28 09:03:00,9:33:00,medium,Station 8
2022-10-28 08:23:00,8:53:00,full-size,Station 3
2022-10-28 09:59:00,11:59:00,class 2 truck,Station 5
2022-10-28 10:41:00,12:41:00,class 2 truck,Station 8
2022-10-28 08:55:00,9:25:00,full-size,Station 3
2022-10-28 10:06:00,12:06:00,class 2 truck,Station 6
2022-10-28 08:49:00,9:49:00,class 1 truck,Station 4
2022-10-28 09:34:00,10:04:00,compact,Station 6
2022-10-28 09:36:00,10:06:00,full-size,Station 3
2022-10-28 11:58:00,12:28:00,full-size,Station 3
2022-10-28 12:16:00,12:46:00,full-size,Station 7
2022-10-28 15:55:00,16:55:00,class 1 truck,Station 4
2022-10-28 13:03:00,13:33:00,full-size,Station 3
2022-10-28 13:35:00,15:35:00,class 2 truck,Station 7
2022-10-28 15:01:00,15:31:00,compact,Station 1
2022-10-28 15:34:00,16:04:00,medium,Station 2
2022-10-28 15:42:00,16:12:00,medium,Station 6
2022-10-28 15:57:00,16:27:00,compact,Station 1
2022-10-28 16:52:00,17:22:00,full-size,Station 9
2022-10-28 17:01:00,17:31:00,full-size,Station 3
2022-10-28 17:10:00,17:40:00,full-size,Station 6
2022-10-29 13:30:00,14:00:00,compact,Station 1
2022-10-29 08:26:00,10:26:00,class 2 truck,Station 5
2022-10-29 15:06:00,15:36:00,full-size,Station 3
2022-10-29 07:23:00,7:53:00,compact,Station 1
2022-10-29 07:42:00,8:12:00,medium,Station 2
2022-10-29 09:47:00,10:17:00,full-size,Station 3
2022-10-29 13:56:00,14:26:00,medium,Station 2
2022-10-29 07:19:00,7:49:00,medium,Station 6
2022-10-29 07:18:00,7:48:00,compact,Station 7
2022-10-29 18:14:00,18:44:00,full-size,Station 3
2022-10-29 18:30:00,19:00:00,full-size,Station 6
2022-10-29 08:53:00,9:53:00,class 1 truck,Station 4
2022-10-29 08:00:00,8:30:00,medium,Station 6
2022-10-29 07:43:00,8:13:00,compact,Station 8
2022-10-29 07:35:00,8:05:00,compact,Station 9
2022-10-29 09:40:00,10:10:00,full-size,Station 6
2022-10-29 12:16:00,12:46:00,full-size,Station 3
2022-10-29 18:30:00,19:00:00,medium,Station 2
2022-10-29 10:03:00,10:33:00,medium,Station 2
2022-10-29 07:59:00,8:29:00,compact,Station 1
2022-10-29 18:30:00,19:00:00,full-size,Station 7
2022-10-29 07:20:00,9:20:00,class 2 truck,Station 10
2022-10-29 18:08:00,18:38:00,full-size,Station 8
2022-10-29 16:31:00,17:01:00,compact,Station 1
2022-10-29 07:04:00,8:04:00,class 1 truck,Station 4
2022-10-29 12:17:00,12:47:00,full-size,Station 6
2022-10-29 18:30:00,19:00:00,medium,Station 9
2022-10-29 18:14:00,18:44:00,compact,Station 1
2022-10-29 16:08:00,16:38:00,full-size,Station 3
2022-10-29 18:00:00,19:00:00,class 1 truck,Station 4
2022-10-29 16:34:00,17:34:00,class 1 truck,Station 4
2022-10-29 07:51:00,8:21:00,compact,Station 7
2022-10-29 18:21:00,18:51:00,medium,Station 10
2022-10-29 08:44:00,9:14:00,medium,Station 2
2022-10-29 15:52:00,16:22:00,full-size,Station 6
2022-10-29 13:41:00,14:41:00,class 1 truck,Station 4
2022-10-29 07:42:00,8:12:00,full-size,Station 3
2022-10-29 08:35:00,9:05:00,medium,Station 6
2022-10-29 07:08:00,7:38:00,full-size,Station 3
2022-10-29 14:39:00,15:09:00,full-size,Station 6
2022-10-29 14:33:00,15:03:00,full-size,Station 3
2022-10-29 09:50:00,11:50:00,class 2 truck,Station 7
2022-10-29 11:33:00,12:03:00,medium,Station 2
2022-10-29 10:55:00,11:25:00,compact,Station 1
2022-10-29 14:10:00,16:10:00,class 2 truck,Station 5
2022-10-29 09:40:00,10:10:00,medium,Station 8
2022-10-29 16:58:00,17:28:00,compact,Station 6
2022-10-29 10:36:00,11:06:00,compact,Station 6
2022-10-29 16:40:00,18:40:00,class 2 truck,Station 5
2022-10-29 15:12:00,16:12:00,class 1 truck,Station 4
2022-10-29 12:13:00,12:43:00,medium,Station 2
2022-10-29 09:52:00,10:52:00,class 1 truck,Station 9
2022-10-29 11:14:00,11:44:00,compact,Station 6
2022-10-29 14:58:00,15:58:00,class 1 truck,Station 7
2022-10-29 14:16:00,15:16:00,class 1 truck,Station 8
2022-10-29 13:50:00,15:50:00,class 2 truck,Station 9
2022-10-29 10:41:00,11:11:00,compact,Station 8
2022-10-29 09:39:00,10:39:00,class 1 truck,Station 10
2022-10-29 07:00:00,7:30:00,medium,Station 2
2022-10-29 07:01:00,7:31:00,medium,Station 8
2022-10-29 10:04:00,11:04:00,class 1 truck,Station 4
2022-10-29 11:14:00,12:14:00,class 1 truck,Station 4
2022-10-29 11:38:00,12:08:00,compact,Station 1
2022-10-29 13:16:00,15:16:00,class 2 truck,Station 10
2022-10-29 13:27:00,13:57:00,full-size,Station 3
2022-10-29 16:20:00,16:50:00,medium,Station 2
2022-10-30 15:24:00,16:24:00,class 1 truck,Station 4
2022-10-30 07:36:00,8:06:00,full-size,Station 3
2022-10-30 08:12:00,10:12:00,class 2 truck,Station 5
2022-10-30 07:09:00,9:09:00,class 2 truck,Station 6
2022-10-30 18:09:00,18:39:00,compact,Station 1
2022-10-30 07:04:00,8:04:00,class 1 truck,Station 4
2022-10-30 18:13:00,18:43:00,full-size,Station 3
2022-10-30 11:42:00,12:12:00,medium,Station 2
2022-10-30 07:22:00,8:22:00,class 1 truck,Station 7
2022-10-30 11:43:00,13:43:00,class 2 truck,Station 5
2022-10-30 11:50:00,13:50:00,class 2 truck,Station 6
2022-10-30 17:00:00,17:30:00,full-size,Station 3
2022-10-30 07:45:00,9:45:00,class 2 truck,Station 8
2022-10-30 13:31:00,14:01:00,medium,Station 2
2022-10-30 18:00:00,18:30:00,full-size,Station 6
2022-10-30 07:28:00,9:28:00,class 2 truck,Station 9
2022-10-30 18:15:00,18:45:00,compact,Station 7
2022-10-30 18:30:00,19:00:00,full-size,Station 6
2022-10-30 07:27:00,8:27:00,class 1 truck,Station 10
2022-10-30 07:52:00,8:22:00,compact,Station 1
2022-10-30 18:24:00,18:54:00,medium,Station 2
2022-10-30 16:14:00,17:14:00,class 1 truck,Station 6
2022-10-30 07:08:00,7:38:00,compact,Station 1
2022-10-30 07:57:00,8:27:00,medium,Station 2
2022-10-30 18:12:00,18:42:00,medium,Station 8
2022-10-30 15:56:00,16:26:00,full-size,Station 3
2022-10-30 15:55:00,16:25:00,full-size,Station 7
2022-10-30 18:10:00,18:40:00,full-size,Station 9
2022-10-30 16:56:00,17:26:00,full-size,Station 7
2022-10-30 14:15:00,14:45:00,compact,Station 1
2022-10-30 08:42:00,9:12:00,medium,Station 2
2022-10-30 15:39:00,16:39:00,class 1 truck,Station 8
2022-10-30 07:00:00,7:30:00,compact,Station 8
2022-10-30 12:30:00,13:00:00,compact,Station 1
2022-10-30 08:59:00,9:59:00,class 1 truck,Station 4
2022-10-30 17:03:00,18:03:00,class 1 truck,Station 4
2022-10-30 08:24:00,8:54:00,medium,Station 7
2022-10-30 16:21:00,16:51:00,medium,Station 2
2022-10-30 08:30:00,9:00:00,full-size,Station 3
2022-10-30 16:11:00,16:41:00,medium,Station 9
2022-10-30 15:57:00,16:27:00,full-size,Station 10
2022-10-30 12:37:00,13:07:00,compact,Station 7
2022-10-30 12:42:00,14:42:00,class 2 truck,Station 8
2022-10-30 18:16:00,18:46:00,medium,Station 10
2022-10-30 11:06:00,12:06:00,class 1 truck,Station 4
2022-10-30 14:20:00,15:20:00,class 1 truck,Station 4
2022-10-30 10:31:00,11:01:00,compact,Station 1
2022-10-30 08:39:00,9:09:00,compact,Station 1
2022-10-30 09:49:00,10:19:00,full-size,Station 3
2022-10-30 15:42:00,17:42:00,class 2 truck,Station 5
2022-10-30 11:48:00,12:48:00,class 1 truck,Station 9
2022-10-30 07:24:00,7:54:00,medium,Station 2
2022-10-30 09:23:00,9:53:00,medium,Station 2
2022-10-30 13:46:00,15:46:00,class 2 truck,Station 7
2022-10-30 10:12:00,10:42:00,medium,Station 2
2022-10-30 11:06:00,12:06:00,class 1 truck,Station 7
2022-10-30 12:46:00,13:16:00,full-size,Station 3
2022-10-30 16:39:00,17:09:00,medium,Station 8
2022-10-30 16:53:00,17:53:00,class 1 truck,Station 9
2022-10-30 16:54:00,17:24:00,medium,Station 2
2022-10-30 17:54:00,18:24:00,medium,Station 2
2022-10-31 07:06:00,7:36:00,compact,Station 1
2022-10-31 13:19:00,13:49:00,full-size,Station 3
2022-10-31 18:26:00,18:56:00,compact,Station 1
2022-10-31 16:55:00,17:25:00,medium,Station 2
2022-10-31 07:42:00,8:12:00,compact,Station 1
2022-10-31 07:18:00,7:48:00,full-size,Station 3
2022-10-31 13:52:00,14:22:00,compact,Station 1
2022-10-31 18:30:00,19:00:00,compact,Station 6
2022-10-31 07:19:00,9:19:00,class 2 truck,Station 5
2022-10-31 11:14:00,13:14:00,class 2 truck,Station 5
2022-10-31 16:23:00,16:53:00,medium,Station 2
2022-10-31 18:30:00,19:00:00,compact,Station 7
2022-10-31 09:07:00,10:07:00,class 1 truck,Station 4
2022-10-31 07:15:00,7:45:00,compact,Station 6
2022-10-31 08:26:00,8:56:00,full-size,Station 3
2022-10-31 18:29:00,18:59:00,compact,Station 8
2022-10-31 07:39:00,8:39:00,class 1 truck,Station 4
2022-10-31 07:30:00,8:00:00,medium,Station 2
2022-10-31 15:53:00,17:53:00,class 2 truck,Station 5
2022-10-31 18:30:00,19:00:00,medium,Station 2
2022-10-31 18:30:00,19:00:00,compact,Station 9
2022-10-31 07:24:00,7:54:00,medium,Station 7
2022-10-31 07:14:00,7:44:00,compact,Station 8
2022-10-31 07:03:00,8:03:00,class 1 truck,Station 9
2022-10-31 17:52:00,18:22:00,full-size,Station 3
2022-10-31 07:18:00,7:48:00,medium,Station 10
2022-10-31 18:29:00,18:59:00,compact,Station 10
2022-10-31 10:06:00,10:36:00,full-size,Station 3
2022-10-31 12:19:00,12:49:00,compact,Station 1
2022-10-31 11:04:00,11:34:00,compact,Station 1
2022-10-31 14:00:00,16:00:00,class 2 truck,Station 6
2022-10-31 07:55:00,9:55:00,class 2 truck,Station 6
2022-10-31 15:57:00,16:27:00,compact,Station 1
2022-10-31 10:55:00,12:55:00,class 2 truck,Station 6
2022-10-31 09:55:00,10:25:00,full-size,Station 6
2022-10-31 07:55:00,8:55:00,class 1 truck,Station 7
2022-10-31 07:51:00,8:21:00,compact,Station 8
2022-10-31 07:49:00,9:49:00,class 2 truck,Station 10
2022-10-31 13:27:00,15:27:00,class 2 truck,Station 5
2022-10-31 15:49:00,16:19:00,medium,Station 2
2022-10-31 18:30:00,19:00:00,full-size,Station 3
2022-10-31 08:27:00,8:57:00,compact,Station 1
2022-10-31 14:52:00,15:52:00,class 1 truck,Station 4
2022-10-31 09:02:00,9:32:00,medium,Station 2
2022-10-31 14:45:00,16:45:00,class 2 truck,Station 7
2022-10-31 08:40:00,9:10:00,full-size,Station 8
2022-10-31 16:09:00,17:09:00,class 1 truck,Station 4
2022-10-31 15:58:00,16:28:00,compact,Station 8
2022-10-31 10:06:00,10:36:00,full-size,Station 7
2022-10-31 10:36:00,11:06:00,compact,Station 7
2022-10-31 15:09:00,17:09:00,class 2 truck,Station 9
2022-10-31 10:28:00,11:28:00,class 1 truck,Station 4
2022-10-31 08:41:00,9:11:00,medium,Station 9
2022-10-31 12:10:00,12:40:00,medium,Station 2
2022-10-31 12:21:00,12:51:00,compact,Station 7
2022-10-31 14:10:00,15:10:00,class 1 truck,Station 8
2022-10-31 09:45:00,11:45:00,class 2 truck,Station 8
2022-10-31 13:03:00,14:03:00,class 1 truck,Station 4
2022-10-31 15:08:00,17:08:00,class 2 truck,Station 10
2022-10-31 16:26:00,16:56:00,full-size,Station 3
2022-10-31 17:39:00,18:39:00,class 1 truck,Station 4
2022-10-31 11:00:00,11:30:00,compact,Station 9
2022-10-31 17:16:00,17:46:00,compact,Station 1
2022-10-31 13:14:00,14:14:00,class 1 truck,Station 7
2022-10-31 11:37:00,12:07:00,full-size,Station 3
2022-10-31 15:00:00,15:30:00,medium,Station 2
2022-10-31 16:44:00,17:14:00,medium,Station 6
2022-10-31 07:56:00,8:26:00,full-size,Station 3
2022-10-31 09:05:00,9:35:00,compact,Station 1
2022-10-31 09:18:00,10:18:00,class 1 truck,Station 9
2022-10-31 09:26:00,9:56:00,full-size,Station 3
2022-10-31 09:28:00,9:58:00,full-size,Station 7
2022-10-31 10:31:00,12:31:00,class 2 truck,Station 10
2022-10-31 11:16:00,11:46:00,medium,Station 2
2022-10-31 12:20:00,13:20:00,class 1 truck,Station 8
2022-10-31 13:04:00,13:34:00,medium,Station 2
2022-10-31 13:25:00,13:55:00,compact,Station 6
2022-10-31 16:52:00,17:22:00,medium,Station 7
2022-10-31 17:36:00,18:06:00,full-size,Station 6
